»ҜС§КҪ,dHmix,dSmix,dGmix,өзЧУКэІо,ФӯЧУіЯҙзІо,өзЧУЕЁ¶И,ФӘЛШЦЦАа,ГЬ¶И,ИЫөг,УІ¶И
Al0.1CoCrFeNi,-5.04,12.2,401.2921017,0.1,2.3,8.12,5,7.99,1538.71,4.38
Al0.1CoCrFeNi,-5.04,12.2,401.2921017,0.1,2.3,8.12,5,7.99,1538.71,4.38
Al0.25CoFeNi,-6.059171598,10.68652014,375.142573,0.076999962,3.944930256,8.538461538,4,7.900548046,1430.153846,3.004105521
Al0.25MoNbTiV,-4.041522491,12.70837022,546.1289,0.243216622,4.003399323,4.882352941,5,7.075664374,2098.157909,7.456461981
Al0.25NbTaTiV,-4.816608997,12.70837022,601.9875092,0.05017616,3.832439709,4.647058824,5,8.805485735,2312.760984,6.822790506
Al0.2Co1.5CrFeNi1.5Ti0.3,-10.02975207,13.36783889,392.8520383,0.116865961,4.630363442,8.054545455,6,7.733562964,1513.148704,2.38081192
Al0.2Co1.5CrFeNi1.5Ti0.3,-10.02975207,13.36783889,392.8520383,0.116865961,4.630363442,8.054545455,6,7.733562964,1513.148704,2.38081192
Al0.2Co1.5CrFeNi1.5Ti0.3,-10.02975207,13.36783889,392.8520383,0.116865961,4.630363442,8.054545455,6,7.733562964,1513.148704,2.38081192
Al0.2Co1.5CrFeNi1.5Ti0.3,-10.02975207,13.36783889,392.8520383,0.116865961,4.630363442,8.054545455,6,7.733562964,1513.148704,2.38081192
Al0.2Co1.5CrFeNi1.5Ti0.3,-10.02975207,13.36783889,392.8520383,0.116865961,4.630363442,8.054545455,6,7.733562964,1513.148704,2.38081192
Al0.2CrFeCoNi2Cu0.2,-4.53223594,12.87823209,384.4714902,0.100776138,2.824424341,8.481481481,6,8.04843191,1478.0617,4.976023095
Al0.2CrFeCoNi2Cu0.2,-4.53223594,12.87823209,384.4714902,0.100776138,2.824424341,8.481481481,6,8.04843191,1478.0617,4.976023095
Al0.2MoTaTiV,-3.35600907,12.56917544,551.9585078,0.244332586,4.017794358,4.904761905,5,7.128849756,2119.418332,8.960825344
Al0.3CoCrCu0.3FeNi,-4.383742911,13.99403985,375.9031663,0.106545916,3.647211565,8.086956522,6,7.732722037,1451.347104,5.505040255
Al0.3CoCrCu0.3FeNi,-4.383742911,13.99403985,375.9031663,0.106545916,3.647211565,8.086956522,6,7.732722037,1451.347104,5.505040255
Al0.3CoCrFeNi,-7.27,12.83,469.9351993,0.11,3.49,7.88,5,7.64,1806.29,3.19
Al0.3CoCrFeNi,-7.27,12.83,469.9351993,0.11,3.49,7.88,5,7.64,1806.29,3.19
Al0.3CoCrFeNi,-7.27,12.83,469.9351993,0.11,3.49,7.88,5,7.64,1806.29,3.19
Al0.3CoCrFeNi,-7.27,12.83,469.9351993,0.11,3.49,7.88,5,7.64,1806.29,3.19
Al0.3CoCrFeNi,-7.27,12.83,469.9351993,0.11,3.49,7.88,5,7.64,1806.29,3.19
Al0.3CoCrFeNi,-7.27,12.83,469.9351993,0.11,3.49,7.88,5,7.64,1806.29,3.19
Al0.3CoCrFeNi,-7.27,12.83,469.9351993,0.11,3.49,7.88,5,7.64,1806.29,3.19
Al0.3CoCrFeNi,-7.27,12.83,469.9351993,0.11,3.49,7.88,5,7.64,1806.29,3.19
Al0.3CoCrFeNi,-7.27,12.83,469.9351993,0.11,3.49,7.88,5,7.64,1806.29,3.19
Al0.3CoCrFeNi,-7.27,12.83,469.9351993,0.11,3.49,7.88,5,7.64,1806.29,3.19
Al0.3CoCrFeNi,-7.27,12.83,469.9351993,0.11,3.49,7.88,5,7.64,1806.29,3.19
Al0.3CoCrFeNi,-7.27,12.83,469.9351993,0.11,3.49,7.88,5,7.64,1806.29,3.19
Al0.3CoCrFeNi,-7.27,12.83,469.9351993,0.11,3.49,7.88,5,7.64,1806.29,3.19
Al0.3CoCrFeNi,-7.27,12.83,469.9351993,0.11,3.49,7.88,5,7.64,1806.29,3.19
Al0.3CoCrFeNi,-7.27,12.83,469.9351993,0.11,3.49,7.88,5,7.64,1806.29,3.19
Al0.3CoCrFeNi,-7.27,12.83,469.9351993,0.11,3.49,7.88,5,7.64,1806.29,3.19
Al0.3CoCrFeNi,-7.27,12.83,469.9351993,0.11,3.49,7.88,5,7.64,1806.29,3.19
Al0.3CoCrFeNi,-7.27,12.83,469.9351993,0.11,3.49,7.88,5,7.64,1806.29,3.19
Al0.3CoCrFeNi,-7.27,12.83,469.9351993,0.11,3.49,7.88,5,7.64,1806.29,3.19
Al0.3CoCrFeNi,-7.27,12.83,469.9351993,0.11,3.49,7.88,5,7.64,1806.29,3.19
Al0.3CoCrFeNi,-7.27,12.83,469.9351993,0.11,3.49,7.88,5,7.64,1806.29,3.19
Al0.3CrFe1.5MnNi0.5Ti0.2,-7.674074074,13.28429997,374.3305458,0.132053861,5.397076994,7.044444444,6,7.059399185,1441.338432,2.96788621
Al0.3CuCrFeNi2,-7.01,12.26,387.096884,0.11,3.42,8.28,5,7.87,1484.62,3.08
Al0.3CuCrFeNi2,-7.01,12.26,387.096884,0.11,3.42,8.28,5,7.87,1484.62,3.08
Al0.3CuCrFeNi2,-7.01,12.26,387.096884,0.11,3.42,8.28,5,7.87,1484.62,3.08
Al0.3NbTa0.8Ti1.4V0.2Zr1.3,-4.86,13.46,601.2169546,0.11,4.5,4.34,6,7.71,2316.49,6.41
Al0.3NbTa0.8Ti1.4V0.2Zr1.3,-4.86,13.46,601.2169546,0.11,4.5,4.34,6,7.71,2316.49,6.41
Al0.3NbTa0.8Ti1.4V0.2Zr1.3,-4.86,13.46,601.2169546,0.11,4.5,4.34,6,7.71,2316.49,6.41
Al0.3NbTa0.8Ti1.4V0.2Zr1.3,-4.86,13.46,601.2169546,0.11,4.5,4.34,6,7.71,2316.49,6.41
Al0.3NbTa0.8Ti1.4V0.2Zr1.3,-4.86,13.46,601.2169546,0.11,4.5,4.34,6,7.71,2316.49,6.41
Al0.3NbTa0.8Ti1.4V0.2Zr1.3,-4.86,13.46,601.2169546,0.11,4.5,4.34,6,7.71,2316.49,6.41
Al0.3NbTaTi1.4Zr1.3,-5.040562466,12.82599837,581.4433955,0.10130303,4.754310304,4.395348837,5,8.546797305,2234.844498,6.381734885
Al0.3NbTaTi1.4Zr1.3,-5.040562466,12.82599837,581.4433955,0.10130303,4.754310304,4.395348837,5,8.546797305,2234.844498,6.381734885
Al0.4Hf0.6NbTaTiZr,-6.33,14.5,619.66987,0.12,4.11,4.32,6,9.09,2397.2,5.49
Al0.4Hf0.6NbTaTiZr,-6.33,14.5,619.66987,0.12,4.11,4.32,6,9.09,2397.2,5.49
Al0.4Hf0.6NbTaTiZr,-6.33,14.5,619.66987,0.12,4.11,4.32,6,9.09,2397.2,5.49
Al0.4Hf0.6NbTaTiZr,-6.33,14.5,619.66987,0.12,4.11,4.32,6,9.09,2397.2,5.49
Al0.5CoCrCu0.5FeNiTi0.5,-10.84297521,15.74583048,359.0404941,0.130877521,5.968017454,7.636363636,7,7.124653711,1395.70658,2.423461486
Al0.5CoCrCuFeNi,-1.52,14.7,437.30038,0.11,3.82,8.27,6,7.62,1693,16.36
Al0.5CoCrCuFeNi,-1.52,14.7,437.30038,0.11,3.82,8.27,6,7.62,1693,16.36
Al0.5CoCrCuFeNi,-1.52,14.7,437.30038,0.11,3.82,8.27,6,7.62,1693,16.36
Al0.5CoCrCuFeNi,-1.52,14.7,437.30038,0.11,3.82,8.27,6,7.62,1693,16.36
Al0.5CoCrCuFeNi,-1.52,14.7,437.30038,0.11,3.82,8.27,6,7.62,1693,16.36
Al0.5CoCrCuFeNi,-1.52,14.7,437.30038,0.11,3.82,8.27,6,7.62,1693,16.36
Al0.5CoCrCuFeNi,-1.52,14.7,437.30038,0.11,3.82,8.27,6,7.62,1693,16.36
Al0.5CoCrCuFeNi,-1.52,14.7,437.30038,0.11,3.82,8.27,6,7.62,1693,16.36
Al0.5CoCrCuFeNi,-1.52,14.7,437.30038,0.11,3.82,8.27,6,7.62,1693,16.36
Al0.5CoCrCuFeNi,-1.52,14.7,437.30038,0.11,3.82,8.27,6,7.62,1693,16.36
Al0.5CoCrCuFeNi,-1.52,14.7,437.30038,0.11,3.82,8.27,6,7.62,1693,16.36
Al0.5CoCrCuFeNi,-1.52,14.7,437.30038,0.11,3.82,8.27,6,7.62,1693,16.36
Al0.5CoCrFeMnNi,-2.650887574,16.00634718,348.1272116,0.13887545,4.425912803,8.076923077,6,7.600796932,1354.62436,9.828678437
Al0.5CoCrFeMnNi,-2.650887574,16.00634718,348.1272116,0.13887545,4.425912803,8.076923077,6,7.600796932,1354.62436,9.828678437
Al0.5CoCrFeMnNi,-2.650887574,16.00634718,348.1272116,0.13887545,4.425912803,8.076923077,6,7.600796932,1354.62436,9.828678437
Al0.5CoCrFeMnNi,-2.650887574,16.00634718,348.1272116,0.13887545,4.425912803,8.076923077,6,7.600796932,1354.62436,9.828678437
Al0.5CoCrFeMnNi,-2.650887574,16.00634718,348.1272116,0.13887545,4.425912803,8.076923077,6,7.600796932,1354.62436,9.828678437
Al0.5CoCrFeNi,-9.09,13.15,459.275785,0.11,4.22,7.67,5,7.33,1767.5,2.56
Al0.5CoCrFeNi,-9.09,13.15,459.275785,0.11,4.22,7.67,5,7.33,1767.5,2.56
Al0.5CoCrFeNi,-9.09,13.15,459.275785,0.11,4.22,7.67,5,7.33,1767.5,2.56
Al0.5CoCrFeNi,-9.09,13.15,459.275785,0.11,4.22,7.67,5,7.33,1767.5,2.56
Al0.5CoCrFeNi,-9.09,13.15,459.275785,0.11,4.22,7.67,5,7.33,1767.5,2.56
Al0.5CoCrFeNi,-9.09,13.15,459.275785,0.11,4.22,7.67,5,7.33,1767.5,2.56
Al0.5CoCrFeNi,-9.09,13.15,459.275785,0.11,4.22,7.67,5,7.33,1767.5,2.56
Al0.5CoCrFeNi,-9.09,13.15,459.275785,0.11,4.22,7.67,5,7.33,1767.5,2.56
Al0.5CoCrFeNi,-9.09,13.15,459.275785,0.11,4.22,7.67,5,7.33,1767.5,2.56
Al0.5CoCrFeNiTi0.5,-15.52,14.53423972,379.4703095,0.13163966,6.252018873,7.3,6,6.952532663,1468.224762,1.630770505
Al0.5Cr0.9FeNi2.5V0.2,-10.99730873,11.05609168,379.6347552,0.118924761,4.444703117,8.019607843,5,7.428940236,1449.33988,1.731696954
Al0.5Cr0.9FeNi2.5V0.2,-10.99730873,11.05609168,379.6347552,0.118924761,4.444703117,8.019607843,5,7.428940236,1449.33988,1.731696954
Al0.5Cr0.9FeNi2.5V0.2,-10.99730873,11.05609168,379.6347552,0.118924761,4.444703117,8.019607843,5,7.428940236,1449.33988,1.731696954
Al0.5Cr0.9FeNi2.5V0.2,-10.99730873,11.05609168,379.6347552,0.118924761,4.444703117,8.019607843,5,7.428940236,1449.33988,1.731696954
Al0.5Cr0.9FeNi2.5V0.2,-10.99730873,11.05609168,379.6347552,0.118924761,4.444703117,8.019607843,5,7.428940236,1449.33988,1.731696954
Al0.5CrNbTi2V0.5,-10.96,12.22898133,463.7034701,0.046861498,6.018491588,4.6,5,5.785823445,1778.243734,2.28891019
Al0.5CrNbTi2V0.5,-10.96,12.22898133,463.7034701,0.046861498,6.018491588,4.6,5,5.785823445,1778.243734,2.28891019
Al0.5CrNbTi2V0.5,-10.96,12.22898133,463.7034701,0.046861498,6.018491588,4.6,5,5.785823445,1778.243734,2.28891019
Al0.5CrNbTi2V0.5,-10.96,12.22898133,463.7034701,0.046861498,6.018491588,4.6,5,5.785823445,1778.243734,2.28891019
Al0.5HfNbTaTiZr,-8.987654321,13.14594406,563.7030986,0.101555799,4.697177857,4.333333333,6,8.318837085,2169.34111,3.572550786
Al0.5HfNbTiZr,-10.96296296,13.14594406,502.6094733,0.1331202,4.957906842,4.111111111,5,7.880052679,1934.241259,2.646934237
Al0.5NbTa0.8Ti1.5V0.2Zr,-8.62,13.78,587.1169034,0.1,4.23,4.3,6,7.56,2264.97,3.62
Al0.5NbTa0.8Ti1.5V0.2Zr,-8.62,13.78,587.1169034,0.1,4.23,4.3,6,7.56,2264.97,3.62
Al0.5NbTa0.8Ti1.5V0.2Zr,-8.62,13.78,587.1169034,0.1,4.23,4.3,6,7.56,2264.97,3.62
Al0.5NbTa0.8Ti1.5V0.2Zr,-8.62,13.78,587.1169034,0.1,4.23,4.3,6,7.56,2264.97,3.62
Al0.5NbTa0.8Ti1.5V0.2Zr,-8.62,13.78,587.1169034,0.1,4.23,4.3,6,7.56,2264.97,3.62
Al0.5NbTa0.8Ti1.5V0.2Zr,-8.62,13.78,587.1169034,0.1,4.23,4.3,6,7.56,2264.97,3.62
Al0.5NbTa0.8Ti1.5V0.2Zr,-8.62,13.78,587.1169034,0.1,4.23,4.3,6,7.56,2264.97,3.62
Al0.5NbTaTiV,-8.395061728,13.14594406,575.7847956,0.049615808,3.737504762,4.555555556,5,8.470881725,2215.832994,3.897533129
Al0.5NbTiVZr,-10.86,13.15,546.755116,0.11,5.76,4.33,5,6.07,2104.16,2.55
Al0.75CoCrCu0.25FeNiTi0.5,-14.38842975,15.54807926,355.3300781,0.132989312,6.381032408,7.272727273,7,6.784659882,1380.236222,1.786642495
Al0.75CoFeNi,-11.94666667,11.46807317,347.1629685,0.109390229,5.804983778,7.8,4,6.966082836,1327.466667,1.53649462
Al0.75HfNbTaTiZr,-11.55,14.86,597.7555038,0.12,4.23,4.22,6,9.1,2315.67,2.98
Al0.75HfNbTiZr,-15.64542936,13.33280622,487.503048,0.133767069,4.969833989,4.052631579,5,7.650199416,1877.475111,1.832731285
Al0.7Co0.3CrFeNi,-11.4,12.8,363.907673,0.12,5.54,7.2,5,6.79,1398.59,1.88
Al0.8CoCrFeNiTi0.2,-21.97777778,14.84171088,371.6384062,0.14400463,7.321195919,6.7,6,6.318504962,1439.660858,1.156670333
Al0.8CoCrFeNiTi1.2,-21.97777778,14.84171088,371.6384062,0.14400463,7.321195919,6.7,6,6.318504962,1439.660858,1.156670333
Al1.25HfNbTiZr,-22.31292517,13.34553197,461.6108101,0.133805287,4.95666278,3.952380952,5,7.2467001,1777.874752,1.226733662
Al1.2CoCrFeNiTi0.8,-20.86666667,14.84171088,353.391497,0.138610566,7.117831292,6.633333333,6,6.173342941,1368.975464,1.16798489
Al1.5CoCrFeNiTi0.5,-19.33333333,14.53497229,340.6359879,0.134316686,6.95835874,6.583333333,6,6.063594244,1317.993867,1.196236139
Al1.5HfNbTiZr,-24.66115702,13.2546386,450.3596584,0.133404251,4.937539432,3.909090909,5,7.068651913,1733.945573,1.07875419
Al1.8CoCrFeNiTi0.2,-17.2,13.8774309,328.7213675,0.129786577,6.792446097,6.533333333,6,5.953084994,1268.660498,1.243974921
Al10 (HfNbTiZr)90,-11.79,13.07655279,506.2105319,0.132898222,4.952975798,4.125,5,7.934060192,1947.582365,2.463063953
Al10Co25Cr8Fe15Ni36Ti6,-13.9748,13.30361728,369.6710207,0.122434105,5.655462385,8.07,6,7.388644866,1423.527704,1.615189543
Al10Co25Cr8Fe15Ni36Ti6,-13.9748,13.30361728,369.6710207,0.122434105,5.655462385,8.07,6,7.388644866,1423.527704,1.615189543
Al10Co25Cr8Fe15Ni36Ti6,-13.9748,13.30361728,369.6710207,0.122434105,5.655462385,8.07,6,7.388644866,1423.527704,1.615189543
Al10Co25Cr8Fe15Ni36Ti6,-13.9748,13.30361728,369.6710207,0.122434105,5.655462385,8.07,6,7.388644866,1423.527704,1.615189543
Al10Co25Cr8Fe15Ni36Ti6,-13.9748,13.30361728,369.6710207,0.122434105,5.655462385,8.07,6,7.388644866,1423.527704,1.615189543
Al10Co25Cr8Fe15Ni36Ti6,-13.9748,13.30361728,369.6710207,0.122434105,5.655462385,8.07,6,7.388644866,1423.527704,1.615189543
Al10Co25Cr8Fe15Ni36Ti6,-13.9748,13.30361728,369.6710207,0.122434105,5.655462385,8.07,6,7.388644866,1423.527704,1.615189543
Al10Co25Cr8Fe15Ni36Ti6,-13.9748,13.30361728,369.6710207,0.122434105,5.655462385,8.07,6,7.388644866,1423.527704,1.615189543
Al10Co25Cr8Fe15Ni36Ti6,-13.9748,13.30361728,369.6710207,0.122434105,5.655462385,8.07,6,7.388644866,1423.527704,1.615189543
Al10Co25Cr8Fe15Ni36Ti6,-13.9748,13.30361728,369.6710207,0.122434105,5.655462385,8.07,6,7.388644866,1423.527704,1.615189543
Al10Co25Cr8Fe15Ni36Ti6,-13.9748,13.30361728,369.6710207,0.122434105,5.655462385,8.07,6,7.388644866,1423.527704,1.615189543
Al10Co25Cr8Fe15Ni36Ti6,-13.9748,13.30361728,369.6710207,0.122434105,5.655462385,8.07,6,7.388644866,1423.527704,1.615189543
Al12(HfNbTiZr)88,-13.8336,13.19392083,499.7308796,0.133278806,4.961272793,4.1,5,7.836686778,1923.529714,2.095103099
Al12(HfNbTiZr)88,-13.8336,13.19392083,499.7308796,0.133278806,4.961272793,4.1,5,7.836686778,1923.529714,2.095103099
Al15Co30Cr15Fe40Ni5,-8.55,11.86,369.4746817,0.1,5.13,7.38,5,7.08,1414.89,2.34
Al18Cr28Nb18Ti18V18,-13.6656,13.22901807,437.5084867,0.040764691,6.31973639,4.74,5,5.878231664,1684.261071,1.894876656
Al18Cr28Nb18Ti18V18,-13.6656,13.22901807,437.5084867,0.040764691,6.31973639,4.74,5,5.878231664,1684.261071,1.894876656
Al19Co19Cr19Fe19Ni19Fe5,-11.6888,13.34191504,356.3513095,0.118057782,5.68775101,7.24,5,6.779539742,1372.431744,1.878311873
Al22.5Ti22.5Ni20Cu20Fe15,-19.955,13.29971261,314.8955816,0.157765451,7.168103603,6.975,5,5.896768301,1212.611429,0.990238037
Al22.5Ti22.5Ni20Cu20Fe15,-19.955,13.29971261,314.8955816,0.157765451,7.168103603,6.975,5,5.896768301,1212.611429,0.990238037
Al25Ti25Ni25Cu25,-23.25,11.52629192,317.4058316,0.166883193,6.924399486,7,4,5.758848377,1214,0.737261292
Al25Ti25Ni25Cu25,-23.25,11.52629192,317.4058316,0.166883193,6.924399486,7,4,5.758848377,1214,0.737261292
Al26.6Nb23.8Ti25.1V24.5,-16.988272,11.51925398,429.5054051,0.033543964,3.920845644,4.217,4,5.417762038,1642.654,1.299051066
Al2CoCrCuFeNi,-8.65,14.53,395.5124828,0.13,5.71,7.14,6,6.27,1530.24,2.57
Al2CoCrFeNi,-15.44444444,12.97646755,321.5421933,0.126622799,6.6780149,6.5,5,5.878985717,1236.648217,1.268536892
Al3(HfNbTiZr)97,-14.01996054,12.1095258,496.6971104,0.124723309,4.645486222,3.983957219,5,8.023425953,1903.906733,1.88039935
Al3(HfNbTiZr)97,-14.01996054,12.1095258,496.6971104,0.124723309,4.645486222,3.983957219,5,8.023425953,1903.906733,1.88039935
Al40Cu15Cr15Fe15Si15,-15.87,12.51150515,280.5590422,0.128874939,8.027943668,5.55,5,4.514533752,1077.110574,1.064511161
Al5(HfNbTiZr)95,-6.2225,12.6005248,522.6054196,0.131569314,4.920843689,4.1875,5,8.174381019,2006.961196,4.617211355
Al5(HfNbTiZr)95,-6.2225,12.6005248,522.6054196,0.131569314,4.920843689,4.1875,5,8.174381019,2006.961196,4.617211355
Al58.5Mg31.5Zn4.5Cu4.5Si1,-2.7,8.34,171.4606613,0.16,6.19,3.46,5,2.66,647.8627721,2.92
Al5Nb24Ti40V5Zr26,-6.8576,11.29799536,491.5373168,0.109284766,5.289095698,4.24,5,6.068935026,1878.25911,3.544477681
Al5Nb24Ti40V5Zr26,-6.8576,11.29799536,491.5373168,0.109284766,5.289095698,4.24,5,6.068935026,1878.25911,3.544477681
Al5Nb24Ti40V5Zr26,-6.8576,11.29799536,491.5373168,0.109284766,5.289095698,4.24,5,6.068935026,1878.25911,3.544477681
Al5Nb24Ti40V5Zr26,-6.8576,11.29799536,491.5373168,0.109284766,5.289095698,4.24,5,6.068935026,1878.25911,3.544477681
Al60Cu10Fe10Cr5Mn5Ni5Mg5,-7.91,11.35887596,218.7718581,0.141438149,6.79109952,4.95,7,4.132065906,836.1826485,1.593017946
Al65Cu5Cr5Si15Mn5Ti5,-10.93333333,13.28429997,322.9759259,0.153899759,5.975627732,7.377777778,6,6.427991268,1243.616998,1.842913517
Al65Cu5Mg5Ni5Si15Zn5,-13.2244898,9.380428289,192.2427714,0.146292039,8.199725945,4.238095238,6,3.181657904,729.2933324,0.71105562
Al70Cr5Cu5Mg5Si10Zn5,-8.69,8.971948351,189.2030277,0.127400942,7.416174014,4.05,6,3.189401967,716.6349049,1.021898624
Al70Cu5Mg5Mn5Si10Zn5,-13.06,8.971948351,186.6775648,0.128913731,7.042966472,4.1,5,3.201567018,707.0863252,0.673401966
Al70Cu5Mg5Si10Zn5Zr5,-15.22,8.971948351,196.1783876,0.144370184,7.600568278,3.95,6,3.274886342,743.0786477,0.599050653
Al80Li5Mg5Zn5Sn5,-0.53,6.47,233.346485,0.17,3.36,3.35,5,3.05,875.5,10.68
Al80Mg14Zn2.7Cu2.7Si0.60,-1.47506,5.649761888,174.3252931,0.120148564,4.811561816,3.325,5,2.770112343,652.0539103,3.543707911
Al84.8Mg10Zn2Cu2Si1.2,-1.652033581,4.788470698,176.1517502,0.105966377,4.474232394,3.24975223,5,2.752347554,656.7704328,2.695403287
Al85.1Mg10Zn2Cu2Si0.9,-1.429225838,4.689506614,175.9338749,0.10476355,4.342453637,3.247514911,4,2.753851129,655.7153317,3.047747949
Al85.7Mg10Zn2Cu2Si0.3,-0.975476,4.460017456,175.5157465,0.102267781,4.061900885,3.243,4,2.756890625,653.5962368,4.237217925
Al86Mg10Zn2Cu2,-0.7424,4.293979962,177.7644122,0.100828766,3.906426222,3.24,4,2.758252995,661.56,5.406285035
Al8Co17Cr17Cu8Fe17Ni33,-5.1292,13.91569271,365.6751229,0.108064795,3.985354213,8.33,6,7.736324934,1411.433429,4.570331696
Al8Co17Cr17Cu8Fe17Ni33,-5.1292,13.91569271,365.6751229,0.108064795,3.985354213,8.33,6,7.736324934,1411.433429,4.570331696
Al8Co17Cr17Cu8Fe17Ni33,-5.1292,13.91569271,365.6751229,0.108064795,3.985354213,8.33,6,7.736324934,1411.433429,4.570331696
Al8Co17Cr17Cu8Fe17Ni33,-5.1292,13.91569271,365.6751229,0.108064795,3.985354213,8.33,6,7.736324934,1411.433429,4.570331696
Al8Co17Cr17Cu8Fe17Ni33,-5.1292,13.91569271,365.6751229,0.108064795,3.985354213,8.33,6,7.736324934,1411.433429,4.570331696
Al8Co17Cr17Cu8Fe17Ni33,-5.1292,13.91569271,365.6751229,0.108064795,3.985354213,8.33,6,7.736324934,1411.433429,4.570331696
Al9.5Co25Cr8Fe15Ni36Ti6Hf0.5,-14.2653,13.46867203,366.4755972,0.126940685,5.828183,8.075,7,7.474871348,1412.121864,1.591159948
Al9.5Co25Cr8Fe15Ni36Ti6Hf0.5,-14.2653,13.46867203,366.4755972,0.126940685,5.828183,8.075,7,7.474871348,1412.121864,1.591159948
Al9.5Co25Cr8Fe15Ni36Ti6Hf0.5,-14.2653,13.46867203,366.4755972,0.126940685,5.828183,8.075,7,7.474871348,1412.121864,1.591159948
Al90Mg7.1Zn1.35Cu1.35Si0.3,-0.769115999,3.466071806,176.7898542,0.086814558,3.487370173,3.161338661,4,2.734147962,655.9123169,4.186880402
AlC0.2CoCrFeNi,-18.13609467,14.22238699,355.0024357,0.189783433,9.668804706,7.076923077,6,6.602336832,1371.913775,1.290064594
AlC0.4CoCrFeNi,-23.07270233,14.58583089,356.5231819,0.233101001,12.16929417,6.962962963,6,6.485970566,1379.74731,1.044909274
AlC0.5CoCrFeNi,-25.25619835,14.69798576,357.372386,0.249938835,13.17225701,6.909090909,6,6.430095303,1383.64249,0.964179648
AlCCoCrFeNi,-33.88888889,14.8975162,362.0595488,0.308040401,16.85609558,6.666666667,6,6.171507923,1402.905669,0.736792126
AlCoCrCuFeNi,-4.78,14.9,420.623371,0.12,4.82,7.83,6,7.07,1629.71,5.08
AlCoCrCuFeNi,-4.78,14.9,420.623371,0.12,4.82,7.83,6,7.07,1629.71,5.08
AlCoCrCuFeNi,-4.78,14.9,420.623371,0.12,4.82,7.83,6,7.07,1629.71,5.08
AlCoCrCuFeNi,-4.78,14.9,420.623371,0.12,4.82,7.83,6,7.07,1629.71,5.08
AlCoCrCuFeNi,-4.78,14.9,420.623371,0.12,4.82,7.83,6,7.07,1629.71,5.08
AlCoCrCuFeNi,-4.78,14.9,420.623371,0.12,4.82,7.83,6,7.07,1629.71,5.08
AlCoCrCuFeNi,-4.78,14.9,420.623371,0.12,4.82,7.83,6,7.07,1629.71,5.08
AlCoCrCuFeNi,-4.78,14.9,420.623371,0.12,4.82,7.83,6,7.07,1629.71,5.08
AlCoCrCuFeNi,-4.78,14.9,420.623371,0.12,4.82,7.83,6,7.07,1629.71,5.08
AlCoCrCuFeNi,-4.78,14.9,420.623371,0.12,4.82,7.83,6,7.07,1629.71,5.08
AlCoCrCuFeNi,-4.78,14.9,420.623371,0.12,4.82,7.83,6,7.07,1629.71,5.08
AlCoCrCuFeNi,-4.78,14.9,420.623371,0.12,4.82,7.83,6,7.07,1629.71,5.08
AlCoCrCuFeNi,-4.78,14.9,420.623371,0.12,4.82,7.83,6,7.07,1629.71,5.08
AlCoCrCuFeNi,-4.78,14.9,420.623371,0.12,4.82,7.83,6,7.07,1629.71,5.08
AlCoCrCuFeNi,-4.78,14.9,420.623371,0.12,4.82,7.83,6,7.07,1629.71,5.08
AlCoCrCuFeNi,-4.78,14.9,420.623371,0.12,4.82,7.83,6,7.07,1629.71,5.08
AlCoCrCuFeNi,-4.78,14.9,420.623371,0.12,4.82,7.83,6,7.07,1629.71,5.08
AlCoCrCuMnFe,-3.777777778,14.8975162,325.6312823,0.137042167,5.337100511,7.333333333,7,6.873171571,1261.650238,6.052423608
AlCoCrCuMnTi,-12.88888889,14.8975162,327.2807507,0.146969385,6.364112905,6.666666667,7,6.225147655,1268.076288,1.781413727
AlCoCrFeMo0.05Ni2,-11.94453931,13.2671945,361.0007326,0.124400344,5.422491548,7.652892562,6,7.083622569,1389.938697,1.847247569
AlCoCrFeMo0.05Ni2,-11.94453931,13.2671945,361.0007326,0.124400344,5.422491548,7.652892562,6,7.083622569,1389.938697,1.847247569
AlCoCrFeMo0.05Ni2,-11.94453931,13.2671945,361.0007326,0.124400344,5.422491548,7.652892562,6,7.083622569,1389.938697,1.847247569
AlCoCrFeMo0.1Ni,-12.13,13.92,442.4602388,0.13,5.3,7.18,6,6.8,1707.86,1.96
AlCoCrFeMo0.2Ni,-11.95,14.22,447.8611838,0.14,5.35,7.15,6,6.89,1730.71,2.06
AlCoCrFeMo0.3Ni,-11.77643289,14.43271079,370.8521057,0.146647598,5.770073848,7.132075472,6,6.969186113,1434.303168,2.09258423
AlCoCrFeMo0.5Ni,-11.44,14.7,463.448501,0.16,5.47,7.09,6,7.11,1794.27,2.31
AlCoCrFeNb0.1Ni,-13.31795463,13.9216461,359.076864,0.12190182,5.918861194,7.156862745,6,6.777073377,1386.029271,1.734388445
AlCoCrFeNb0.25Ni,-14.65759637,14.33614554,366.6265111,0.123615232,6.098683245,7.095238095,6,6.849513582,1417.442609,1.653516789
AlCoCrFeNi,-12.32,13.38,437.2111258,0.12,5.25,7.2,5,6.72,1684.09,1.83
AlCoCrFeNi,-12.32,13.38,437.2111258,0.12,5.25,7.2,5,6.72,1684.09,1.83
AlCoCrFeNi,-12.32,13.38,437.2111258,0.12,5.25,7.2,5,6.72,1684.09,1.83
AlCoCrFeNi,-12.32,13.38,437.2111258,0.12,5.25,7.2,5,6.72,1684.09,1.83
AlCoCrFeNi,-12.32,13.38,437.2111258,0.12,5.25,7.2,5,6.72,1684.09,1.83
AlCoCrFeNi,-12.32,13.38,437.2111258,0.12,5.25,7.2,5,6.72,1684.09,1.83
AlCoCrFeNi,-12.32,13.38,437.2111258,0.12,5.25,7.2,5,6.72,1684.09,1.83
AlCoCrFeNi,-12.32,13.38,437.2111258,0.12,5.25,7.2,5,6.72,1684.09,1.83
AlCoCrFeNi,-12.32,13.38,437.2111258,0.12,5.25,7.2,5,6.72,1684.09,1.83
AlCoCrFeNi,-12.32,13.38,437.2111258,0.12,5.25,7.2,5,6.72,1684.09,1.83
AlCoCrFeNi,-12.32,13.38,437.2111258,0.12,5.25,7.2,5,6.72,1684.09,1.83
AlCoCrFeNi,-12.32,13.38,437.2111258,0.12,5.25,7.2,5,6.72,1684.09,1.83
AlCoCrFeNi,-12.32,13.38,437.2111258,0.12,5.25,7.2,5,6.72,1684.09,1.83
AlCoCrFeNi,-12.32,13.38,437.2111258,0.12,5.25,7.2,5,6.72,1684.09,1.83
AlCoCrFeNi,-12.32,13.38,437.2111258,0.12,5.25,7.2,5,6.72,1684.09,1.83
AlCoCrFeNi,-12.32,13.38,437.2111258,0.12,5.25,7.2,5,6.72,1684.09,1.83
AlCoCrFeNi,-12.32,13.38,437.2111258,0.12,5.25,7.2,5,6.72,1684.09,1.83
AlCoCrFeNi ,-12.32,13.38,437.2111258,0.12,5.25,7.2,5,6.72,1684.09,1.83
AlCoCrFeNi ,-12.32,13.38,437.2111258,0.12,5.25,7.2,5,6.72,1684.09,1.83
AlCoCrFeNi ,-12.32,13.38,437.2111258,0.12,5.25,7.2,5,6.72,1684.09,1.83
AlCoCrFeNi ,-12.32,13.38,437.2111258,0.12,5.25,7.2,5,6.72,1684.09,1.83
AlCoCrFeNi ,-12.32,13.38,437.2111258,0.12,5.25,7.2,5,6.72,1684.09,1.83
AlCoCrFeNi ,-12.32,13.38,437.2111258,0.12,5.25,7.2,5,6.72,1684.09,1.83
AlCoCrFeNi ,-12.32,13.38,437.2111258,0.12,5.25,7.2,5,6.72,1684.09,1.83
AlCoCrFeNi ,-12.32,13.38,437.2111258,0.12,5.25,7.2,5,6.72,1684.09,1.83
AlCoCrFeNi ,-12.32,13.38,437.2111258,0.12,5.25,7.2,5,6.72,1684.09,1.83
AlCoCrFeNi ,-12.32,13.38,437.2111258,0.12,5.25,7.2,5,6.72,1684.09,1.83
AlCoCrFeNi ,-12.32,13.38,437.2111258,0.12,5.25,7.2,5,6.72,1684.09,1.83
AlCoCrFeNi ,-12.32,13.38,437.2111258,0.12,5.25,7.2,5,6.72,1684.09,1.83
AlCoCrFeNi2.1,-11.94,12.91,359.2352497,0.12,5.38,7.7,5,7.08,1381.25,1.79
AlCoCrFeNi2.1,-11.94,12.91,359.2352497,0.12,5.38,7.7,5,7.08,1381.25,1.79
AlCoCrFeNi2.1,-11.94,12.91,359.2352497,0.12,5.38,7.7,5,7.08,1381.25,1.79
AlCoCrFeNi2.1,-11.94,12.91,359.2352497,0.12,5.38,7.7,5,7.08,1381.25,1.79
AlCoCrFeNi2.1,-11.94,12.91,359.2352497,0.12,5.38,7.7,5,7.08,1381.25,1.79
AlCoCrFeNi2.1,-11.94,12.91,359.2352497,0.12,5.38,7.7,5,7.08,1381.25,1.79
AlCoCrFeNi2.1,-11.94,12.91,359.2352497,0.12,5.38,7.7,5,7.08,1381.25,1.79
AlCoCrFeNi2.1,-11.94,12.91,359.2352497,0.12,5.38,7.7,5,7.08,1381.25,1.79
AlCoCrFeNi2.1,-11.94,12.91,359.2352497,0.12,5.38,7.7,5,7.08,1381.25,1.79
AlCoCrFeNi2.1,-11.94,12.91,359.2352497,0.12,5.38,7.7,5,7.08,1381.25,1.79
AlCoCrFeNiC1.5,-15.38461538,14.78505343,376.5450366,0.122759205,5.146767188,6.692307692,6,6.571528178,1458.32155,1.66399346
AlCoCrFeNiSi,-27.33333333,14.8975162,353.1832478,0.119082138,6.611299931,6.666666667,6,5.656951884,1368.489663,0.894744639
AlCoCrFeNiSi0.2,-16.39053254,14.22238699,353.2127105,0.120529527,6.018496556,7.076923077,6,6.460047303,1364.990955,1.421447078
AlCoCrFeNiSi0.4,-19.83539095,14.58583089,352.9531903,0.120333328,6.213811095,6.962962963,6,6.224993453,1365.919783,1.205279731
AlCoCrFeNiSi0.6,-22.75510204,14.77893904,352.9166444,0.120010097,6.373344257,6.857142857,6,6.015254165,1366.81105,1.065118686
AlCoCrFeNiSi0.8,-25.23186683,14.87154905,353.0085298,0.119586088,6.504079923,6.75862069,6,5.826948949,1367.66699,0.967090169
AlCoCrFeNiTi,-21.56,14.9,445.693911,0.14,6.58,6.67,6,6.23,1726.91,1.19
AlCoCrFeNiTi,-21.56,14.9,445.693911,0.14,6.58,6.67,6,6.23,1726.91,1.19
AlCoCrFeNiTi0.2,-14.85207101,14.22238699,355.2780842,0.126774388,6.229766254,7.076923077,6,6.609062303,1372.966278,1.576325802
AlCoCrFeNiTi0.2,-14.85207101,14.22238699,355.2780842,0.126774388,6.229766254,7.076923077,6,6.609062303,1372.966278,1.576325802
AlCoCrFeNiTi0.2,-14.85207101,14.22238699,355.2780842,0.126774388,6.229766254,7.076923077,6,6.609062303,1372.966278,1.576325802
AlCoCrFeNiTi0.2,-14.85207101,14.22238699,355.2780842,0.126774388,6.229766254,7.076923077,6,6.609062303,1372.966278,1.576325802
AlCoCrFeNiTi0.4,-16.98216735,14.58583089,356.9526575,0.131697788,6.575134688,6.962962963,6,6.504571222,1381.385707,1.421065847
AlCoCrFeNiTi0.4,-16.98216735,14.58583089,356.9526575,0.131697788,6.575134688,6.962962963,6,6.504571222,1381.385707,1.421065847
AlCoCrFeNiTi0.4,-16.98216735,14.58583089,356.9526575,0.131697788,6.575134688,6.962962963,6,6.504571222,1381.385707,1.421065847
AlCoCrFeNiTi0.5,-17.92,14.7,441.016415,0.13,6.12,6.91,6,6.44,1707.45,1.4
AlCoCrFeNiTi0.5,-17.92,14.7,441.016415,0.13,6.12,6.91,6,6.44,1707.45,1.4
AlCoCrFeNiTi0.5,-17.92,14.7,441.016415,0.13,6.12,6.91,6,6.44,1707.45,1.4
AlCoCrFeNiTi0.5,-17.92,14.7,441.016415,0.13,6.12,6.91,6,6.44,1707.45,1.4
AlCoCrFeNiTi0.5,-17.92,14.7,441.016415,0.13,6.12,6.91,6,6.44,1707.45,1.4
AlCoCrFeNiTi0.5,-17.92,14.7,441.016415,0.13,6.12,6.91,6,6.44,1707.45,1.4
AlCoCrFeNiTi1.5,-23.91,14.79,450.1342398,0.15,6.84,6.46,6,6.06,1743.38,1.08
AlCoCrFeNiV0.2,-13.07692308,14.22238699,356.8175518,0.121601736,5.680701531,7.115384615,6,6.699123077,1378.908417,1.796769316
AlCoCrFeNiV0.5,-13.95041322,14.69798576,361.537126,0.122575664,5.543349113,7,6,6.663791786,1399.722249,1.762517863
AlCoCrFeNiV0.8,-14.57788347,14.87154905,366.2457299,0.123026635,5.415173375,6.896551724,6,6.632458546,1418.907162,1.72614297
AlCoCrFeNiV1.0,-14.88888889,14.8975162,369.2998715,0.123107902,5.334355642,6.833333333,6,6.613467917,1430.884178,1.705021574
AlCoCrNi,-15.5,11.52629192,357.2229537,0.131624466,6.134075267,7,4,6.458459772,1366.25,1.21910987
AlCoCuFeNi,-4.973006811,13.38160786,317.6131832,0.111524469,5.612451827,8.197916667,5,7.056892659,1223.40391,4.026999827
AlCoCuFeNi,-4.973006811,13.38160786,317.6131832,0.111524469,5.612451827,8.197916667,5,7.056892659,1223.40391,4.026999827
AlCoCuFeNi,-4.973006811,13.38160786,317.6131832,0.111524469,5.612451827,8.197916667,5,7.056892659,1223.40391,4.026999827
AlCoFeNi,-13.75,11.52629192,336.1760702,0.117553179,6.237363717,7.5,4,6.614401443,1285.75,1.306788108
AlCr0.5NbTiV,-15.40740741,13.14594406,428.7017339,0.037646832,5.232513176,4.444444444,5,5.64713986,1649.838175,1.640736453
AlCr1.5NbTiV,-13.75206612,13.2546386,437.0693929,0.040696417,6.288154515,4.727272727,5,5.86780852,1682.737057,1.885140448
AlCrCuFeNi,-4,13.38161053,326.6104126,0.124161186,5.628086233,7.6,5,6.763408628,1258.055769,5.122499809
AlCrCuFeNi0.6,-2.684310019,13.24232516,322.4388451,0.123320475,5.75975798,7.391304348,5,6.604060314,1241.31666,7.471215999
AlCrCuFeNi0.8,-3.402777778,13.35141737,324.5653105,0.123883906,5.693612317,7.5,5,6.686598736,1250.030753,5.976476657
AlCrCuFeNi1.2,-4.49704142,13.35788527,328.5648965,0.124213502,5.563457859,7.692307692,5,6.835066367,1265.470333,4.570274536
AlCrFeCoNiCu,-4.777777778,14.8975162,334.5927909,0.119082138,5.281130599,7.833333333,6,7.080416317,1296.37485,4.893911555
AlCrFeCoNiCuMn,-5.632653061,16.17919618,332.9303983,0.140378497,5.182612848,7.714285714,7,7.130102456,1296.37485,4.508293016
AlCrFeCoNiCuV,-7.755102041,16.17919618,332.9282758,0.124997959,4.954076535,7.428571429,7,6.927665216,1296.37485,3.274444401
AlCrFeMnNi,-12.48,13.38161053,339.8650041,0.136,5.827707431,6.8,5,6.485415758,1309.142564,1.696604393
AlCrFeMnNi,-12.48,13.38161053,339.8650041,0.136,5.827707431,6.8,5,6.485415758,1309.142564,1.696604393
AlCrFeMnNi,-12.48,13.38161053,339.8650041,0.136,5.827707431,6.8,5,6.485415758,1309.142564,1.696604393
AlCrFeMnNi,-12.48,13.38161053,339.8650041,0.136,5.827707431,6.8,5,6.485415758,1309.142564,1.696604393
AlCrFeMnNi,-12.48,13.38161053,339.8650041,0.136,5.827707431,6.8,5,6.485415758,1309.142564,1.696604393
AlCrFeNi,-13.25,11.52629192,335.6536227,0.118953773,5.957194447,7,4,6.314858074,1283.75,1.354361049
AlCrFeNiMo0.5,-11.85185185,13.14594406,382.6472339,0.172225806,6.112177396,6.666666667,5,6.781541404,1472.592315,1.936358225
AlCrFeNiMo0.8,-11.14583333,13.35141737,401.0213207,0.188402919,6.015400008,6.625,5,7.033549078,1544.520145,2.177358302
AlCrMoNbTi,-13.6,13.38,555.5965658,0.23,4.87,4.8,5,6.57,2140.09,2.11
AlCrNbTiV,-14.56,13.38161053,432.9526956,0.039698866,5.90234915,4.6,5,5.765972232,1667.706423,1.783776424
AlCrNbTiV,-14.56,13.38161053,432.9526956,0.039698866,5.90234915,4.6,5,5.765972232,1667.706423,1.783776424
AlCrNbTiV,-14.56,13.38161053,432.9526956,0.039698866,5.90234915,4.6,5,5.765972232,1667.706423,1.783776424
AlHfNbTaTiZr,-14.77777778,14.8975162,531.9761786,0.122610494,4.902772537,4.166666667,6,8.87658935,2061.161708,2.353225702
AlMo0.5NbTa0.5TiZr,-16.84,14.53,560.6278523,0.22,4.34,4.3,5,7.15,2169.09,1.87
AlMo0.5NbTa0.5TiZr,-16.84,14.53,560.6278523,0.22,4.34,4.3,5,7.15,2169.09,1.87
AlMo0.5NbTa0.5TiZr,-16.84,14.53,560.6278523,0.22,4.34,4.3,5,7.15,2169.09,1.87
AlMoNbTiV,-11.04,13.38161053,477.7526215,0.227982455,3.796497761,4.6,5,6.407773123,1840.253545,2.561661515
AlNb1.5Ta0.5Ti1.5Zr0.5,-15.12,12.51,556.3368171,0.08,3.07,4.2,5,6.85,2135.79,1.77
AlNb1.5Ta0.5Ti1.5Zr0.5,-15.12,12.51,556.3368171,0.08,3.07,4.2,5,6.85,2135.79,1.77
AlNbTaTiV,-13.44,13.38,576.2105538,0.05,3.16,4.4,5,7.89,2219.49,2.21
AlNbTiV,-16.25,11.53,510.3391989,0.03,3.3,4.25,4,5.5,1951.87,1.38
AlNbTiV,-16.25,11.53,510.3391989,0.03,3.3,4.25,4,5.5,1951.87,1.38
AlNbTiV,-16.25,11.53,510.3391989,0.03,3.3,4.25,4,5.5,1951.87,1.38
AlNbTiV,-16.25,11.53,510.3391989,0.03,3.3,4.25,4,5.5,1951.87,1.38
AlNbTiV,-16.25,11.53,510.3391989,0.03,3.3,4.25,4,5.5,1951.87,1.38
AlNbTiVZr,-17.44,13.38,515.8708658,0.11,5.53,4.2,5,5.76,1987.09,1.52
AlNbTiVZr,-17.44,13.38,515.8708658,0.11,5.53,4.2,5,5.76,1987.09,1.52
AlNbTiVZr,-17.44,13.38,515.8708658,0.11,5.53,4.2,5,5.76,1987.09,1.52
AlNbTiVZr,-17.44,13.38,515.8708658,0.11,5.53,4.2,5,5.76,1987.09,1.52
AlNbTiVZr0.1,-16.75193337,12.198543,426.6962822,0.052617394,4.420373774,4.243902439,5,5.540863957,1636.160469,1.390335392
AlNbTiVZr0.1,-16.75193337,12.198543,426.6962822,0.052617394,4.420373774,4.243902439,5,5.540863957,1636.160469,1.390335392
AlNbTiVZr0.1,-16.75193337,12.198543,426.6962822,0.052617394,4.420373774,4.243902439,5,5.540863957,1636.160469,1.390335392
AlNbTiVZr0.25,-17.38408304,12.70837022,428.692442,0.070332871,4.966561777,4.235294118,5,5.587998462,1647.036543,1.403723246
AlNbTiVZr0.5,-18.17283951,13.14594406,432.0973738,0.089083121,5.607337231,4.222222222,5,5.65713141,1662.916305,1.400519679
AlNbTiVZr0.5,-18.17283951,13.14594406,432.0973738,0.089083121,5.607337231,4.222222222,5,5.65713141,1662.916305,1.400519679
AlNbTiVZr0.5,-18.17283951,13.14594406,432.0973738,0.089083121,5.607337231,4.222222222,5,5.65713141,1662.916305,1.400519679
AlNbTiVZr1.5,-19.30578512,13.2546386,443.5350562,0.121437669,6.72027796,4.181818182,5,5.853909651,1707.650753,1.359944594
AlTiNiCuFe,-17.6,13.38161053,320.041837,0.153544782,7.162214461,7.2,5,6.121404056,1232.807266,1.145007591
AlTiNiCuFe,-17.6,13.38161053,320.041837,0.153544782,7.162214461,7.2,5,6.121404056,1232.807266,1.145007591
Co?3Cr?W?.35N?.01C,-4.38133432,7.656429182,491.2377466,0.202048919,3.596367647,7.7255,5,9.54117187,1851.343624,3.71257562
Co?3Cr?W?.35N?.01C,-4.38133432,7.656429182,491.2377466,0.202048919,3.596367647,7.7255,5,9.54117187,1851.343624,3.71257562
Co?3Cr?W?.35N?.06C,-4.47743052,7.687645172,491.2513511,0.202645099,3.699123334,7.723,5,9.538744927,1851.613088,3.648169328
Co?3Cr?W?.35N?.06C,-4.47743052,7.687645172,491.2513511,0.202645099,3.699123334,7.723,5,9.538744927,1851.613088,3.648169328
Co?3Cr?W?.35N?.1C,-4.554247,7.709559926,491.2679363,0.203120386,3.779302323,7.721,5,9.536803051,1851.82885,3.597225136
Co?3Cr?W?.35N?.1C,-4.554247,7.709559926,491.2679363,0.203120386,3.779302323,7.721,5,9.536803051,1851.82885,3.597225136
Co?3Cr?W?.35N?.25C,-4.84183,7.782229784,491.3480685,0.20488977,4.065808637,7.7135,5,9.529518466,1852.639474,3.41676229
Co?3Cr?W?.35N?.25C,-4.84183,7.782229784,491.3480685,0.20488977,4.065808637,7.7135,5,9.529518466,1852.639474,3.41676229
Co?3Cr?W?.35N?.31C,-4.95665152,7.808791533,491.3849106,0.205591884,4.174863091,7.7105,5,9.526603504,1852.964395,3.349516104
Co?3Cr?W?.35N?.31C,-4.95665152,7.808791533,491.3849106,0.205591884,4.174863091,7.7105,5,9.526603504,1852.964395,3.349516104
Co10Cr10Fe50Mn30,-0.92,9.713640154,388.6624044,0.132075736,3.833181374,7.6,4,7.760129907,1476.2,18.47017
Co10Cr10Fe50Mn30,-0.92,9.713640154,388.6624044,0.132075736,3.833181374,7.6,4,7.760129907,1476.2,18.47017
Co10Cr10Fe50Mn30,-0.92,9.713640154,388.6624044,0.132075736,3.833181374,7.6,4,7.760129907,1476.2,18.47017
Co17.5Cr12.5Fe55Ni10Mo5,-2.335,10.59100584,420.9001257,0.09995499,2.092874289,8.025,5,8.202820612,1603.994033,8.514279837
Co17.5Cr12.5Fe55Ni10Mo5,-2.335,10.59100584,420.9001257,0.09995499,2.092874289,8.025,5,8.202820612,1603.994033,8.514279837
Co18Cr12.5Fe55Ni7Mo7.5,-2.331,10.62440675,428.7501148,0.111132309,2.514010548,7.92,5,8.252868013,1634.117108,8.693085173
Co18Cr12.5Fe55Ni7Mo7.5,-2.331,10.62440675,428.7501148,0.111132309,2.514010548,7.92,5,8.252868013,1634.117108,8.693085173
Co18Cr12.5Fe55Ni7Mo7.5,-2.331,10.62440675,428.7501148,0.111132309,2.514010548,7.92,5,8.252868013,1634.117108,8.693085173
Co18Cr12.5Fe55Ni7Mo7.5,-2.331,10.62440675,428.7501148,0.111132309,2.514010548,7.92,5,8.252868013,1634.117108,8.693085173
Co20Cr20Fe20Mn20Ni20,-4.16,13.38161053,386.5578337,0.138361844,3.269463577,8,5,8.025760676,1488.962298,5.668245305
Co20Cr20Fe34Mn20Ni6,-2.5472,12.48219162,390.9731112,0.129185758,3.302527895,7.72,5,7.889472741,1500.763656,8.692811777
Co20Cr20Fe40Mn20,-1.76,11.07635214,401.6319616,0.124739729,3.316337271,7.6,4,7.831889625,1533.4,11.36930907
Co20Cr25Fe10Mn5Ni40,-4.84,11.76515168,400.8055151,0.118299408,1.801258717,8.45,5,8.262592345,1534.2913,4.393558069
Co23.25Ni23.25Fe23.25Cr23.25Mo7.00,-4.457025,12.8283229,459.8371992,0.142748021,3.881836786,8.0925,5,8.942647568,1767.45471,5.873320463
Co25Ni25Fe25Al7.5Cu17.5,0.8225,12.79604395,346.9451589,0.07690538,3.874411655,8.9,5,7.994666565,1333.355348,24.99320734
Co25Ni25Fe25Al7.5Cu17.5,0.8225,12.79604395,346.9451589,0.07690538,3.874411655,8.9,5,7.994666565,1333.355348,24.99320734
Co28.2Cr5.92Mo0.62Mn0.50Si0.13N0.04C,-8.898629818,6.184287693,414.6795094,0.155123334,6.628898048,8.280032689,7,8.416976063,1554.212848,1.269963781
Co28.2Cr5.92Mo0.62Mn0.50Si0.13N0.04C,-8.898629818,6.184287693,414.6795094,0.155123334,6.628898048,8.280032689,7,8.416976063,1554.212848,1.269963781
CoCrCu1FeNiTi0.5,-17.05785124,14.69798576,371.9973776,0.122359719,4.822178394,8.363636364,5,7.841713198,1440.230486,1.476343159
CoCrCuFeMn,4.16,13.38161053,358.4591731,0.136323146,3.14703294,8.2,5,8.050041276,1380.699625,5.319993162
CoCrCuFeNi,3.2,13.38,459.257999,0.09,1.07,8.8,5,8.33,1768.95,7.4
CoCrCuFeNi,3.2,13.38,459.257999,0.09,1.07,8.8,5,8.33,1768.95,7.4
CoCrCuFeNi,3.2,13.38,459.257999,0.09,1.07,8.8,5,8.33,1768.95,7.4
CoCrCuFeNi,3.2,13.38,459.257999,0.09,1.07,8.8,5,8.33,1768.95,7.4
CoCrCuFeNiTi,-8.44,14.9,463.959863,0.14,5.65,8,5,7.43,1797.63,3.17
CoCrFeMnNi,-4.16,13.38,467.623384,0.14,0.92,8,5,8.025760676,1801.2,5.79
CoCrFeMnNi,-4.16,13.38,467.623384,0.14,0.92,8,5,8.03,1801.2,5.79
CoCrFeMnNi,-4.16,13.38,467.623384,0.14,0.92,8,5,8.025760676,1801.2,5.79
CoCrFeMnNi,-4.16,13.38,467.623384,0.14,0.92,8,5,8.03,1801.2,5.79
CoCrFeMnNi,-4.16,13.38,467.623384,0.14,0.92,8,5,8.03,1801.2,5.79
CoCrFeMnNi,-4.16,13.38,467.623384,0.14,0.92,8,5,8.025760676,1801.2,5.79
CoCrFeMnNi,-4.16,13.38,467.623384,0.14,0.92,8,5,8.03,1801.2,5.79
CoCrFeMnNi,-4.16,13.38,467.623384,0.14,0.92,8,5,8.03,1801.2,5.79
CoCrFeMnNi,-4.16,13.38,467.623384,0.14,0.92,8,5,8.03,1801.2,5.79
CoCrFeMnNi,-4.16,13.38,467.623384,0.14,0.92,8,5,8.03,1801.2,5.79
CoCrFeMnNi,-4.16,13.38,467.623384,0.14,0.92,8,5,8.03,1801.2,5.79
CoCrFeMnNi,-4.16,13.38,467.623384,0.14,0.92,8,5,8.03,1801.2,5.79
CoCrFeMnNi,-4.16,13.38,467.623384,0.14,0.92,8,5,8.025760676,1801.2,5.79
CoCrFeMnNi,-4.16,13.38,467.623384,0.14,0.92,8,5,8.03,1801.2,5.79
CoCrFeMnNi,-4.16,13.38,467.623384,0.14,0.92,8,5,8.03,1801.2,5.79
CoCrFeMnNi,-4.16,13.38,467.623384,0.14,0.92,8,5,8.03,1801.2,5.79
CoCrFeMnNi,-4.16,13.38,467.623384,0.14,0.92,8,5,8.025760676,1801.2,5.79
CoCrFeMnNi,-4.16,13.38,467.623384,0.14,0.92,8,5,8.025760676,1801.2,5.79
CoCrFeMnNi,-4.16,13.38,467.623384,0.14,0.92,8,5,8.03,1801.2,5.79
CoCrFeMnNi,-4.16,13.38,467.623384,0.14,0.92,8,5,8.025760676,1801.2,5.79
CoCrFeMnNi,-4.16,13.38,467.623384,0.14,0.92,8,5,8.025760676,1801.2,5.79
CoCrFeMnNi,-4.16,13.38,467.623384,0.14,0.92,8,5,8.03,1801.2,5.79
CoCrFeMnNi,-4.16,13.38,467.623384,0.14,0.92,8,5,8.03,1801.2,5.79
CoCrFeMnNi,-4.16,13.38,467.623384,0.14,0.92,8,5,8.025760676,1801.2,5.79
CoCrFeMnNi,-4.16,13.38,467.623384,0.14,0.92,8,5,8.03,1801.2,5.79
CoCrFeMnNi,-4.16,13.38,467.623384,0.14,0.92,8,5,8.03,1801.2,5.79
CoCrFeMnNi,-4.16,13.38,467.623384,0.14,0.92,8,5,8.03,1801.2,5.79
CoCrFeMnNi,-4.16,13.38,467.623384,0.14,0.92,8,5,8.025760676,1801.2,5.79
CoCrFeMnNi,-4.16,13.38,467.623384,0.14,0.92,8,5,8.03,1801.2,5.79
CoCrFeMnNi,-4.16,13.38,467.623384,0.14,0.92,8,5,8.03,1801.2,5.79
CoCrFeMnNi,-4.16,13.38,467.623384,0.14,0.92,8,5,8.025760676,1801.2,5.79
CoCrFeMnNi,-4.16,13.38,467.623384,0.14,0.92,8,5,8.03,1801.2,5.79
CoCrFeMnNi,-4.16,13.38,467.623384,0.14,0.92,8,5,8.025760676,1801.2,5.79
CoCrFeMnNi,-4.16,13.38,467.623384,0.14,0.92,8,5,8.03,1801.2,5.79
CoCrFeMnNi,-4.16,13.38,467.623384,0.14,0.92,8,5,8.03,1801.2,5.79
CoCrFeMnNi,-4.16,13.38,467.623384,0.14,0.92,8,5,8.03,1801.2,5.79
CoCrFeMnNi,-4.16,13.38,467.623384,0.14,0.92,8,5,8.03,1801.2,5.79
CoCrFeMnNi,-4.16,13.38,467.623384,0.14,0.92,8,5,8.03,1801.2,5.79
CoCrFeMnNi,-4.16,13.38,467.623384,0.14,0.92,8,5,8.03,1801.2,5.79
CoCrFeMnNi,-4.16,13.38,467.623384,0.14,0.92,8,5,8.03,1801.2,5.79
CoCrFeMnNi,-4.16,13.38,467.623384,0.14,0.92,8,5,8.025760676,1801.2,5.79
CoCrFeMnNi,-4.16,13.38,467.623384,0.14,0.92,8,5,8.03,1801.2,5.79
CoCrFeMnNi,-4.16,13.38,467.623384,0.14,0.92,8,5,8.03,1801.2,5.79
CoCrFeMnNi,-4.16,13.38,467.623384,0.14,0.92,8,5,8.03,1801.2,5.79
CoCrFeMnNi,-4.16,13.38,467.623384,0.14,0.92,8,5,8.03,1801.2,5.79
CoCrFeMnNiNbC,-38.20408163,16.17919618,417.8988372,0.31244918,15.89918052,7,7,7.541513395,1627.348856,0.804849705
CoCrFeMnNiNbC,-38.20408163,16.17919618,417.8988372,0.31244918,15.89918052,7,7,7.541513395,1627.348856,0.804849705
CoCrFeMnNiV0.25,-5.297052154,14.33614554,388.7188688,0.138098522,3.287511245,7.857142857,6,7.917904415,1502.815949,4.806542503
CoCrFeMnNiV0.5,-6.214876033,14.69798576,391.5136231,0.137594445,3.295001536,7.727272727,6,7.821545363,1515.744425,4.230678882
CoCrFeMnNiV0.75,-6.956521739,14.85564568,394.3956448,0.136911656,3.294550407,7.608695652,6,7.734938183,1527.837408,3.84600693
CoCrFeMnNiV1.0,-7.555555556,14.8975162,397.2569101,0.136096371,3.288078437,7.5,6,7.656673792,1539.173354,3.573412481
CoCrFeNb0.103Ni,-5.473010986,12.21211163,413.9434986,0.101487899,2.297778533,8.168413356,5,8.200662107,1587.301367,4.151287075
CoCrFeNb0.155Ni,-6.276635953,12.42064438,416.6059575,0.103631001,2.770916035,8.128760529,5,8.20778646,1598.792173,3.70432955
CoCrFeNb0.206Ni,-7.024812729,12.58718805,419.1988601,0.105576867,3.146080126,8.090822634,5,8.214511789,1609.774426,3.373858458
CoCrFeNb0.412Ni,-9.685938539,13.02986481,429.3171884,0.112136079,4.205658448,7.946509519,5,8.239312478,1651.446902,2.589035368
CoCrFeNi,-3.75,11.53,489.4027225,0.1,1.03,8.25,4,8.17,1871.75,5.75
CoCrFeNi,-3.75,11.53,489.4027225,0.1,1.03,8.25,4,8.17,1871.75,5.75
CoCrFeNi,-3.75,11.53,489.4027225,0.1,1.03,8.25,4,8.17,1871.75,5.75
CoCrFeNi,-3.75,11.53,489.4027225,0.1,1.03,8.25,4,8.17,1871.75,5.75
CoCrFeNi,-3.75,11.53,489.4027225,0.1,1.03,8.25,4,8.17,1871.75,5.75
CoCrFeNi,-3.75,11.53,489.4027225,0.1,1.03,8.25,4,8.17,1871.75,5.75
CoCrFeNi,-3.75,11.53,489.4027225,0.1,1.03,8.25,4,8.17,1871.75,5.75
CoCrFeNi,-3.75,11.53,489.4027225,0.1,1.03,8.25,4,8.17,1871.75,5.75
CoCrFeNi,-3.75,11.53,489.4027225,0.1,1.03,8.25,4,8.17,1871.75,5.75
CoCrFeNi,-3.75,11.53,489.4027225,0.1,1.03,8.25,4,8.17,1871.75,5.75
CoCrFeNi,-3.75,11.53,489.4027225,0.1,1.03,8.25,4,8.17,1871.75,5.75
CoCrFeNi,-3.75,11.53,489.4027225,0.1,1.03,8.25,4,8.17,1871.75,5.75
CoCrFeNi,-3.75,11.53,489.4027225,0.1,1.03,8.25,4,8.17,1871.75,5.75
CoCrFeNi,-3.75,11.53,489.4027225,0.1,1.03,8.25,4,8.17,1871.75,5.75
CoCrFeNi,-3.75,11.53,489.4027225,0.1,1.03,8.25,4,8.17,1871.75,5.75
CoCrFeNi,-3.75,11.53,489.4027225,0.1,1.03,8.25,4,8.17,1871.75,5.75
CoCrFeNi,-3.75,11.53,489.4027225,0.1,1.03,8.25,4,8.17,1871.75,5.75
CoCrFeNi,-3.75,11.53,489.4027225,0.1,1.03,8.25,4,8.17,1871.75,5.75
CoCrFeNi,-3.75,11.53,489.4027225,0.1,1.03,8.25,4,8.17,1871.75,5.75
CoCrFeNi,-3.75,11.53,489.4027225,0.1,1.03,8.25,4,8.17,1871.75,5.75
CoCrFeNiMn,-4.16,13.38161053,386.5578337,0.138361844,3.269463577,8,5,8.025760676,1488.962298,5.668245305
CoCrFeNiMnC0.01,-4.554563528,13.47464902,386.5139946,0.142584003,3.704143663,7.992015968,6,8.017003668,1489.328683,5.214282666
CoCrFeNiMnC0.01,-4.554563528,13.47464902,386.5139946,0.142584003,3.704143663,7.992015968,6,8.017003668,1489.328683,5.214282666
CoCrFeNiMnC0.01,-4.554563528,13.47464902,386.5139946,0.142584003,3.704143663,7.992015968,6,8.017003668,1489.328683,5.214282666
CoCrFeNiMo0.1,-3.9,12.2,494.663284,0.11,1.96,8.2,5,8.24,1896.73,5.93
CoCrFeNiMo0.2,-4.04,12.57,500.1569836,0.12,2.51,8.14,5,8.31,1920.52,5.98
CoCrFeNiMo0.2,-4.04,12.57,500.1569836,0.12,2.51,8.14,5,8.31,1920.52,5.98
CoCrFeNiMo0.2,-4.04,12.57,500.1569836,0.12,2.51,8.14,5,8.31,1920.52,5.98
CoCrFeNiMo0.2,-4.04,12.57,500.1569836,0.12,2.51,8.14,5,8.31,1920.52,5.98
CoCrFeNiMo0.2,-4.04,12.57,500.1569836,0.12,2.51,8.14,5,8.31,1920.52,5.98
CoCrFeNiMo0.2,-4.04,12.57,500.1569836,0.12,2.51,8.14,5,8.31,1920.52,5.98
CoCrFeNiMo0.3,-4.153596539,12.82599837,426.2309224,0.127279646,2.377731963,8.093023256,5,8.374393129,1638.269287,5.902321137
CoCrFeNiMo0.3,-4.153596539,12.82599837,426.2309224,0.127279646,2.377731963,8.093023256,5,8.374393129,1638.269287,5.902321137
CoCrFeNiMo0.3,-4.153596539,12.82599837,426.2309224,0.127279646,2.377731963,8.093023256,5,8.374393129,1638.269287,5.902321137
CoCrFeNiMo0.3,-4.153596539,12.82599837,426.2309224,0.127279646,2.377731963,8.093023256,5,8.374393129,1638.269287,5.902321137
CoCrFeNiNb0.25,-7.640138408,12.70837022,421.4119843,0.107142824,3.422566258,8.058823529,5,8.220116521,1619.028721,3.147391633
CoCrFeNiNb0.25,-7.640138408,12.70837022,421.4119843,0.107142824,3.422566258,8.058823529,5,8.220116521,1619.028721,3.147391633
CoCrFeNiTi0.2,-7.346938776,12.56917544,408.1727091,0.111625792,3.658435996,8.047619048,5,7.926436279,1567.326205,3.148694856
CoCrFeNiTi0.2,-7.346938776,12.56917544,408.1727091,0.111625792,3.658435996,8.047619048,5,7.926436279,1567.326205,3.148694856
CoCrFeNiTi0.2,-7.346938776,12.56917544,408.1727091,0.111625792,3.658435996,8.047619048,5,7.926436279,1567.326205,3.148694856
CoCrFeNiTi0.2,-7.346938776,12.56917544,408.1727091,0.111625792,3.658435996,8.047619048,5,7.926436279,1567.326205,3.148694856
CoCrFeNiTi0.2,-7.346938776,12.56917544,408.1727091,0.111625792,3.658435996,8.047619048,5,7.926436279,1567.326205,3.148694856
CoCrFeNiTi0.2,-7.346938776,12.56917544,408.1727091,0.111625792,3.658435996,8.047619048,5,7.926436279,1567.326205,3.148694856
CoCrFeNiV0.25,-5.591695502,12.70837022,410.784214,0.103916389,1.335027542,8.058823529,5,8.039665753,1578.190609,4.207582807
CoCrFeNiV0.5,-7.012345679,13.14594406,413.5548991,0.108979554,1.757830503,7.888888889,5,7.912837028,1591.516091,3.495662829
CoCrFeNiV0.7,-7.913082843,13.30882902,415.8572534,0.111952101,1.980681889,7.765957447,5,7.822778129,1601.383539,3.152734132
CoCrFeNiV0.8,-8.298611111,13.35141737,417.0072112,0.113161635,2.069154559,7.708333333,5,7.781040559,1606.076589,3.023438281
CoCrFeNiV0.9,-8.646397334,13.37453678,418.1491763,0.114216451,2.146135286,7.653061224,5,7.74128875,1610.619457,2.913877644
CoCrFeNiW0.2,-3.537414966,12.56917544,440.6660026,0.148759039,2.065570286,8.142857143,5,8.906166192,1692.079042,6.982869935
CoCrFeNiW0.5,-3.259259259,13.14594406,481.875296,0.192642444,3.012227708,8,5,9.827912573,1854.419988,8.581371969
CoCrMnNi,-5.5,11.52629192,395.4734835,0.150499169,3.446992938,8,4,8.065458132,1512.5,3.74216785
CoCrMnNi,-5.5,11.52629192,395.4734835,0.150499169,3.446992938,8,4,8.065458132,1512.5,3.74216785
CoCrMoNbTi,-13.44,13.38161053,529.1503242,0.227191549,6.534212985,6,5,7.790279977,2038.236834,2.301345118
CoCrMoNbTi0.4,-12.76859504,13.01133249,541.0069404,0.224942601,6.235777745,6.272727273,5,8.327142669,2080.935735,2.398838096
CoCrMoNbTi0.4,-12.76859504,13.01133249,541.0069404,0.224942601,6.235777745,6.272727273,5,8.327142669,2080.935735,2.398838096
CoCrMoNbTi0.4,-12.76859504,13.01133249,541.0069404,0.224942601,6.235777745,6.272727273,5,8.327142669,2080.935735,2.398838096
CoCrMoNbTi0.4,-12.76859504,13.01133249,541.0069404,0.224942601,6.235777745,6.272727273,5,8.327142669,2080.935735,2.398838096
CoCrMoNbTi0.5,-12.9382716,13.14594406,538.7066514,0.225684145,6.308580241,6.222222222,5,8.225679421,2073.162136,2.383972839
CoCrMoNbTi1.0,-13.44,13.38161053,529.1503242,0.227191549,6.534212985,6,5,7.790279977,2038.236834,2.301345118
CoCrNi,-4.89,9.13,499.23715,0.11,1.12,8.33,3,8.28,1892,3.54
CoCrNi,-4.89,9.13,499.23715,0.11,1.12,8.33,3,8.28,1892,3.54
CoCrNi,-4.89,9.13,499.23715,0.11,1.12,8.33,3,8.28,1892,3.54
CoCrNi,-4.89,9.13,499.23715,0.11,1.12,8.33,3,8.28,1892,3.54
CoCrNi,-4.89,9.13,499.23715,0.11,1.12,8.33,3,8.28,1892,3.54
CoCrNi,-4.89,9.13,499.23715,0.11,1.12,8.33,3,8.28,1892,3.54
CoCrNi,-4.89,9.13,499.23715,0.11,1.12,8.33,3,8.28,1892,3.54
CoCrNi,-4.89,9.13,499.23715,0.11,1.12,8.33,3,8.28,1892,3.54
CoCrNi,-4.89,9.13,499.23715,0.11,1.12,8.33,3,8.28,1892,3.54
CoCrNi,-4.89,9.13,499.23715,0.11,1.12,8.33,3,8.28,1892,3.54
CoCrNi,-4.89,9.13,499.23715,0.11,1.12,8.33,3,8.28,1892,3.54
CoCrNi,-4.89,9.13,499.23715,0.11,1.12,8.33,3,8.28,1892,3.54
CoCrNi,-4.89,9.13,499.23715,0.11,1.12,8.33,3,8.28,1892,3.54
CoCrNi,-4.89,9.13,499.23715,0.11,1.12,8.33,3,8.28,1892,3.54
CoCrNi,-4.89,9.13,499.23715,0.11,1.12,8.33,3,8.28,1892,3.54
CoCrNi,-4.89,9.13,499.23715,0.11,1.12,8.33,3,8.28,1892,3.54
CoCrNi,-4.89,9.13,499.23715,0.11,1.12,8.33,3,8.28,1892,3.54
CoCrNi,-4.89,9.13,499.23715,0.11,1.12,8.33,3,8.28,1892,3.54
CoCrNi,-4.89,9.13,499.23715,0.11,1.12,8.33,3,8.28,1892,3.54
CoCrNi,-4.89,9.13,499.23715,0.11,1.12,8.33,3,8.28,1892,3.54
CoCrNi,-4.89,9.13,499.23715,0.11,1.12,8.33,3,8.28,1892,3.54
CoCrNi,-4.89,9.13,499.23715,0.11,1.12,8.33,3,8.28,1892,3.54
CoCrNi,-4.89,9.13,499.23715,0.11,1.12,8.33,3,8.28,1892,3.54
CoCrNi,-4.89,9.13,499.23715,0.11,1.12,8.33,3,8.28,1892,3.54
CoCrNi,-4.89,9.13,499.23715,0.11,1.12,8.33,3,8.28,1892,3.54
CoCrNi,-4.89,9.13,499.23715,0.11,1.12,8.33,3,8.28,1892,3.54
CoCrNi,-4.89,9.13,499.23715,0.11,1.12,8.33,3,8.28,1892,3.54
CoCrNi,-4.89,9.13,499.23715,0.11,1.12,8.33,3,8.28,1892,3.54
CoCrNi,-4.89,9.13,499.23715,0.11,1.12,8.33,3,8.28,1892,3.54
CoCrNi,-4.89,9.13,499.23715,0.11,1.12,8.33,3,8.28,1892,3.54
CoCrNi,-4.89,9.13,499.23715,0.11,1.12,8.33,3,8.28,1892,3.54
CoCrNi,-4.89,9.13,499.23715,0.11,1.12,8.33,3,8.28,1892,3.54
CoCrNi,-4.89,9.13,499.23715,0.11,1.12,8.33,3,8.28,1892,3.54
CoCrNi,-4.89,9.13,499.23715,0.11,1.12,8.33,3,8.28,1892,3.54
CoCrNi,-4.89,9.13,499.23715,0.11,1.12,8.33,3,8.28,1892,3.54
CoCrNi,-4.89,9.13,499.23715,0.11,1.12,8.33,3,8.28,1892,3.54
CoCrNi,-4.89,9.13,499.23715,0.11,1.12,8.33,3,8.28,1892,3.54
CoCrNiMo0.05,-4.874118387,9.289246706,422.3134414,0.111272373,0.168045878,8.332225914,4,8.293769544,1601.445183,3.572661914
CoCuHfNiTiZr,-23.52,13.38,503.678223,0.26,10.21,6.4,6,8.5,1940.15,1.1
CoFeMnNi,-4,11.53,446.194555,0.14,0.66,8.5,4,8.26,1706.5,4.92
CoFeMnNi,-4,11.53,446.194555,0.14,0.66,8.5,4,8.26,1706.5,4.92
CoFeMnNi,-4,11.53,446.194555,0.14,0.66,8.5,4,8.26,1706.5,4.92
CoFeMnNi,-4,11.53,446.194555,0.14,0.66,8.5,4,8.26,1706.5,4.92
CoFeMnNi,-4,11.53,446.194555,0.14,0.66,8.5,4,8.26,1706.5,4.92
CoFeNi,-1.33,9.13,466.7847,0.03,0.75,9,3,8.54,1769,12.12
CoFeNi,-1.33,9.13,466.7847,0.03,0.75,9,3,8.54,1769,12.12
CoFeNi,-1.33,9.13,466.7847,0.03,0.75,9,3,8.54,1769,12.12
CoFeNi,-1.33,9.13,466.7847,0.03,0.75,9,3,8.54,1769,12.12
CoFeNi2V0.5Mo0.2,-6.826618379,11.59727816,407.9007294,0.103645634,2.462154283,8.659574468,5,8.400470171,1560.456422,3.114989373
CoFeNi2V0.5Mo0.2,-6.826618379,11.59727816,407.9007294,0.103645634,2.462154283,8.659574468,5,8.400470171,1560.456422,3.114989373
CoFeNi2V0.5Mo0.2,-6.826618379,11.59727816,407.9007294,0.103645634,2.462154283,8.659574468,5,8.400470171,1560.456422,3.114989373
CoFeNi2V0.5Mo0.2,-6.826618379,11.59727816,407.9007294,0.103645634,2.462154283,8.659574468,5,8.400470171,1560.456422,3.114989373
CoFeNiSi0.25,-11.83431953,10.68652014,390.2702678,0.032490326,2.025282421,8.615384615,4,7.737887735,1487.846154,1.590198813
CoMnNi,-5.777777778,9.134370237,368.7904174,0.163095064,3.73468262,8.666666667,3,8.372634415,1397.666667,2.641475428
CoMnNi,-5.777777778,9.134370237,368.7904174,0.163095064,3.73468262,8.666666667,3,8.372634415,1397.666667,2.641475428
CoMnNi,-5.777777778,9.134370237,368.7904174,0.163095064,3.73468262,8.666666667,3,8.372634415,1397.666667,2.641475428
CoNi,0,5.763145962,393.9071229,0.015,0.200240288,9.5,2,8.9,1474,
Cr1.75Cu0.25MnFeNi,-1.6,12.32940863,390.2960197,0.134551106,3.268190907,7.65,5,7.781753766,1497.282903,13.64274419
Cr10Nb30Ti30Zr30,-0.96,10.92382327,518.8312471,0.121082616,7.023519911,4.5,4,6.594663456,1979.7,25.6351409
Cr10Nb30Ti30Zr30,-0.96,10.92382327,518.8312471,0.121082616,7.023519911,4.5,4,6.594663456,1979.7,25.6351409
Cr20Fe6Co34Ni34Mo6,-4.2928,11.58277271,419.0245945,0.120166551,2.18471415,8.5,5,8.587067955,1602.912293,5.061964947
Cr20Fe6Co34Ni34Mo6,-4.2928,11.58277271,419.0245945,0.120166551,2.18471415,8.5,5,8.587067955,1602.912293,5.061964947
Cr20Fe6Co34Ni34Mo6,-4.2928,11.58277271,419.0245945,0.120166551,2.18471415,8.5,5,8.587067955,1602.912293,5.061964947
Cr20Fe6Co34Ni34Mo6,-4.2928,11.58277271,419.0245945,0.120166551,2.18471415,8.5,5,8.587067955,1602.912293,5.061964947
Cr20Fe6Co34Ni34Mo6,-4.2928,11.58277271,419.0245945,0.120166551,2.18471415,8.5,5,8.587067955,1602.912293,5.061964947
Cr20Fe6Co34Ni34Mo6,-4.2928,11.58277271,419.0245945,0.120166551,2.18471415,8.5,5,8.587067955,1602.912293,5.061964947
Cr26Mn20Fe20Co20Ni14,-3.7232,13.22962036,391.7481361,0.135458481,3.262141651,7.76,5,7.924909869,1508.06978,6.329195708
Cr2MnFeNi,-3.52,11.07635214,416.2979259,0.129830659,3.283574153,7.4,4,7.692890375,1589.4,5.860869227
CrCoCuFeNi,3.2,13.38161053,369.8586286,0.092217135,1.033203661,8.8,5,8.344238564,1424.611829,7.099621111
CrCoFeNiMn,-4.16,13.38,467.623384,0.14,0.92,8,5,8.03,1801.2,5.79
CrCoFeNiMn,-4.16,13.38,467.623384,0.14,0.92,8,5,8.03,1801.2,5.79
CrCoFeNiMn,-4.16,13.38,467.623384,0.14,0.92,8,5,8.03,1801.2,5.79
CrCuFeMnNi,2.72,13.38,446.328443,0.14,0.92,8.4,5,8.04,1719.15,8.46
CrCuFeMnNi,2.72,13.38,446.328443,0.14,0.92,8.4,5,8.04,1719.15,8.46
CrCuFeMnNi,2.72,13.38,446.328443,0.14,0.92,8.4,5,8.04,1719.15,8.46
CrCuFeMnNi,2.72,13.38,446.328443,0.14,0.92,8.4,5,8.04,1719.15,8.46
CrCuFeMnNi,2.72,13.38,446.328443,0.14,0.92,8.4,5,8.04,1719.15,8.46
CrCuFeMnNi,2.72,13.38,446.328443,0.14,0.92,8.4,5,8.04,1719.15,8.46
CrCuFeMnNi,2.72,13.38,446.328443,0.14,0.92,8.4,5,8.04,1719.15,8.46
CrFeCoNiCuTi0.5,-3.702479339,14.69798576,372.0107329,0.122359719,4.822178394,8.363636364,6,7.841713198,1440.230486,6.80172384
CrFeMnV,-2.25,11.52629192,426.6574732,0.102072278,3.545392507,6.5,4,7.110005157,1631.75,9.758414884
CrFeTaVW,-2.5,11.52629192,568.1798676,0.293001706,3.988919302,6.25,4,10.65175637,2173,11.2780156
CrHfNbTiZr,-4,13.38161053,529.5053322,0.144996552,8.626538583,4.6,5,8.252868031,2039.567895,7.736972532
CrHfNbTiZr,-4,13.38161053,529.5053322,0.144996552,8.626538583,4.6,5,8.252868031,2039.567895,7.736972532
CrHfNbTiZr,-4,13.38161053,529.5053322,0.144996552,8.626538583,4.6,5,8.252868031,2039.567895,7.736972532
CrHfNbTiZr,-4,13.38161053,529.5053322,0.144996552,8.626538583,4.6,5,8.252868031,2039.567895,7.736972532
CrHfNbTiZr,-4,13.38161053,529.5053322,0.144996552,8.626538583,4.6,5,8.252868031,2039.567895,7.736972532
CrMn0.3FeVCu0.06,2.186791383,11.38813601,433.4125033,0.098349024,3.081938936,6.476190476,5,7.07566865,1656.692131,10.05002344
CrMn0.5FeVCu0.10,2.37654321,11.98251164,421.5294505,0.10315808,3.248968031,6.555555556,5,7.114770999,1614.938051,9.519724682
CrMn0.7FeVCu0.14,2.520616319,12.32346653,411.9592169,0.106926652,3.361580698,6.625,5,7.149092989,1580.336714,9.061824011
CrMnFeCoNi,-4.16,13.38,467.623384,0.14,0.92,8,5,8.03,1801.2,5.79
CrMoNbTaVW,-4.89,14.9,731.019483,0.32,4.78,5.5,6,11.68,2832.33,8.63
CrMoNbTaVW,-4.89,14.9,731.019483,0.32,4.78,5.5,6,11.68,2832.33,8.63
CrMoNbTiW,-7.04,13.38161053,622.7562125,0.355662762,7.65394798,5,5,10.77298381,2398.764023,5.078766025
CrMoNbTiW,-7.04,13.38161053,622.7562125,0.355662762,7.65394798,5,5,10.77298381,2398.764023,5.078766025
CrMoNbTiW,-7.04,13.38161053,622.7562125,0.355662762,7.65394798,5,5,10.77298381,2398.764023,5.078766025
CrNbTiVZr,-4.64,13.38,580.609528,0.12,7.67,4.8,5,6.56,2236.4,6.45
CrNbTiVZr,-4.64,13.38,580.609528,0.12,7.67,4.8,5,6.56,2236.4,6.45
CrNbTiVZr,-4.64,13.38,580.609528,0.12,7.67,4.8,5,6.56,2236.4,6.45
CrNbTiVZr,-4.64,13.38,580.609528,0.12,7.67,4.8,5,6.56,2236.4,6.45
CrNbTiZr,-5,11.53,588.2371325,0.12,7.84,4.75,4,6.64,2249.75,5.19
CrNbTiZr,-5,11.53,588.2371325,0.12,7.84,4.75,4,6.64,2249.75,5.19
CrNbTiZr,-5,11.53,588.2371325,0.12,7.84,4.75,4,6.64,2249.75,5.19
CrNbTiZr,-5,11.53,588.2371325,0.12,7.84,4.75,4,6.64,2249.75,5.19
CrNbTiZr,-5,11.53,588.2371325,0.12,7.84,4.75,4,6.64,2249.75,5.19
Cu0.25AlCoCrFeNiTi0.5,-15.50094518,15.54594215,345.8442641,0.134073873,6.583863842,7.086956522,7,6.555763738,1343.3844,1.621226963
Cu0.5AlCoCrFeNiTi0.5,-13.41666667,15.85804053,340.8463734,0.134091594,6.457723041,7.25,7,6.647723986,1325.570478,1.889632854
Fe17.8Co17.8Ni17.8Cr17.8Mn17.8Al11,-9.639056,14.790722,359.1363393,0.139358008,5.029727668,7.45,6,7.225798285,1390.910432,2.55343005
Fe18.2Co18.2Ni18.2Cr18.2Mn18.2Al9,-8.752016,14.69270484,363.8434384,0.139334699,4.795875214,7.55,6,7.365825461,1408.602069,2.823290859
Fe18.6Co18.6Ni18.6Cr18.8Mn18.8Al7,-7.816464,14.5537692,368.6279419,0.139241494,4.532785035,7.65,6,7.508191348,1426.35378,3.164370203
Fe18Co18Ni18Cr18Mn18Al10,-9.2016,14.74633953,361.4810395,0.139355086,4.916168464,7.5,6,7.295523151,1399.74876,2.68096126
Fe19.6Co19.6Ni19.6Cr19.6Mn19.6Al2,-5.265344,13.92912081,381.0874537,0.138701498,3.702725802,7.9,6,7.874730627,1470.997899,4.614028408
Fe19.96Mn19.96Ni19.96Co19.96Cr19.96C0.2,-4.55535104,13.47480184,386.5139567,0.142592305,3.704961557,7.992,6,8.016986146,1489.329417,5.213442537
Fe19.96Mn19.96Ni19.96Co19.96Cr19.96C0.2,-4.55535104,13.47480184,386.5139567,0.142592305,3.704961557,7.992,6,8.016986146,1489.329417,5.213442537
Fe19.96Mn19.96Ni19.96Co19.96Cr19.96C0.2,-4.55535104,13.47480184,386.5139567,0.142592305,3.704961557,7.992,6,8.016986146,1489.329417,5.213442537
Fe19.96Mn19.96Ni19.96Co19.96Cr19.96C0.2,-4.55535104,13.47480184,386.5139567,0.142592305,3.704961557,7.992,6,8.016986146,1489.329417,5.213442537
Fe19.96Mn19.96Ni19.96Co19.96Cr19.96C0.5,-5.142411887,13.57597572,386.5054827,0.148651873,4.272583477,7.980059821,6,8.003874311,1489.879845,4.65440165
Fe19.96Mn19.96Ni19.96Co19.96Cr19.96C0.5,-5.142411887,13.57597572,386.5054827,0.148651873,4.272583477,7.980059821,6,8.003874311,1489.879845,4.65440165
Fe19.96Mn19.96Ni19.96Co19.96Cr19.96C0.8,-5.72239944,13.66069023,386.5213578,0.154404701,4.769705563,7.968190855,6,7.990822066,1490.429972,4.210073056
Fe19.96Mn19.96Ni19.96Co19.96Cr19.96C0.8,-5.72239944,13.66069023,386.5213578,0.154404701,4.769705563,7.968190855,6,7.990822066,1490.429972,4.210073056
Fe19.96Mn19.96Ni19.96Co19.96Cr19.96C0.8,-5.72239944,13.66069023,386.5213578,0.154404701,4.769705563,7.968190855,6,7.990822066,1490.429972,4.210073056
Fe20Co23Ni17Cr20Mn20,-3.886419753,13.10421444,395.7894519,0.123693618,2.58997738,8.077777778,5,8.096366177,1522.892483,6.055888796
Fe20Co27Ni13Cr20Mn20,-3.768,13.17352896,387.6859505,0.136373714,3.255827217,7.93,5,8.025996582,1492.110165,6.171631081
Fe22Co20Ni19Cr20Mn12Al7,-7.5184,14.40897963,374.8877458,0.130196621,4.345955752,7.71,6,7.544302414,1449.76134,3.301951799
Fe22Co20Ni19Cr20Mn12Al7,-7.5184,14.40897963,374.8877458,0.130196621,4.345955752,7.71,6,7.544302414,1449.76134,3.301951799
Fe22Co20Ni19Cr20Mn12Al7,-7.5184,14.40897963,374.8877458,0.130196621,4.345955752,7.71,6,7.544302414,1449.76134,3.301951799
Fe28Ni18Mn33Al21,-13.4844,11.29676653,324.7052707,0.14752071,5.708363976,6.98,4,6.482580111,1240.79,1.268326861
Fe28Ni18Mn33Al21,-13.4844,11.29676653,324.7052707,0.14752071,5.708363976,6.98,4,6.482580111,1240.79,1.268326861
Fe28Ni18Mn33Al21,-13.4844,11.29676653,324.7052707,0.14752071,5.708363976,6.98,4,6.482580111,1240.79,1.268326861
Fe28Ni18Mn33Al21,-13.4844,11.29676653,324.7052707,0.14752071,5.708363976,6.98,4,6.482580111,1240.79,1.268326861
Fe28Ni18Mn33Al21,-13.4844,11.29676653,324.7052707,0.14752071,5.708363976,6.98,4,6.482580111,1240.79,1.268326861
Fe28Ni18Mn33Al21,-13.4844,11.29676653,324.7052707,0.14752071,5.708363976,6.98,4,6.482580111,1240.79,1.268326861
Fe29Ni19Mn38Al14,-10.9216,10.95397309,337.1689421,0.15132746,5.316103858,7.3,4,6.915332266,1286.72,1.564493664
Fe30Ni20Mn35Al15,-11.33,11.10051501,336.7521228,0.150847605,5.423557397,7.3,4,6.870634339,1285.85,1.527423027
Fe33.5Ni33.5Cr15Mn10Al3Ti5,-10.0974,12.4927989,386.2813635,0.13300812,4.853637233,7.92,6,7.5808311,1482.843696,2.17256681
Fe33.5Ni33.5Cr15Mn10Al4Ti4,-9.7426,12.51380718,383.5316131,0.131911296,4.78716918,7.91,6,7.557719697,1472.405702,2.242065514
Fe33.5Ni33.5Cr15Mn10Al5Ti3,-11.27873016,12.94078723,369.3521255,0.132894994,5.306087331,7.666666667,6,7.221917382,1420.305016,1.94300606
Fe33Ni19Mn34Al14,-10.56,11.00376389,340.1443933,0.149570585,5.393118654,7.34,4,6.931149464,1298.32,1.637508034
Fe34Cr34Ni14Al14Co4,-7.5744,12.62984004,379.8481044,0.103058187,4.429915505,7.65,5,7.372379037,1458.906346,2.888096034
Fe34Cr34Ni14Al14Co4,-7.5744,12.62984004,379.8481044,0.103058187,4.429915505,7.65,5,7.372379037,1458.906346,2.888096034
Fe34Cr34Ni14Al14Co4,-7.5744,12.62984004,379.8481044,0.103058187,4.429915505,7.65,5,7.372379037,1458.906346,2.888096034
Fe34Ni16Mn39Al11,-8.8868,10.55966527,344.4519257,0.149598262,5.146793324,7.38,4,7.082812618,1312.53,1.884170909
Fe36Co21Cr18Ni15Al10,-7.5744,12.62984004,379.8481044,0.103058187,4.429915505,7.65,5,7.372379037,1458.906346,2.888096034
Fe36Co21Cr18Ni15Al10,-7.5744,12.62984004,379.8481044,0.103058187,4.429915505,7.65,5,7.372379037,1458.906346,2.888096034
Fe36Co21Cr18Ni15Al10,-7.5744,12.62984004,379.8481044,0.103058187,4.429915505,7.65,5,7.372379037,1458.906346,2.888096034
Fe36Co21Cr18Ni15Al10,-7.5744,12.62984004,379.8481044,0.103058187,4.429915505,7.65,5,7.372379037,1458.906346,2.888096034
Fe36Co21Cr18Ni15Al10,-7.5744,12.62984004,379.8481044,0.103058187,4.429915505,7.65,5,7.372379037,1458.906346,2.888096034
Fe36Co21Cr18Ni15Al10,-7.5744,12.62984004,379.8481044,0.103058187,4.429915505,7.65,5,7.372379037,1458.906346,2.888096034
Fe36Co21Cr18Ni15Al10,-7.5744,12.62984004,379.8481044,0.103058187,4.429915505,7.65,5,7.372379037,1458.906346,2.888096034
Fe36Co21Cr18Ni15Al10,-7.5744,12.62984004,379.8481044,0.103058187,4.429915505,7.65,5,7.372379037,1458.906346,2.888096034
Fe36Ni18Mn33Al13,-9.798,10.87153784,343.5855689,0.148163558,5.351956687,7.38,4,6.992100479,1310.79,1.757487614
Fe36Ni18Mn33Al13,-9.798,10.87153784,343.5855689,0.148163558,5.351956687,7.38,4,6.992100479,1310.79,1.757487614
Fe36Ni18Mn33Al13,-9.798,10.87153784,343.5855689,0.148163558,5.351956687,7.38,4,6.992100479,1310.79,1.757487614
Fe36Ni18Mn33Al13,-9.798,10.87153784,343.5855689,0.148163558,5.351956687,7.38,4,6.992100479,1310.79,1.757487614
Fe36Ni18Mn33Al13,-9.798,10.87153784,343.5855689,0.148163558,5.351956687,7.38,4,6.992100479,1310.79,1.757487614
Fe36Ni18Mn33Al13,-9.798,10.87153784,343.5855689,0.148163558,5.351956687,7.38,4,6.992100479,1310.79,1.757487614
Fe36Ni18Mn33Al13,-9.798,10.87153784,343.5855689,0.148163558,5.351956687,7.38,4,6.992100479,1310.79,1.757487614
Fe36Ni18Mn33Al13,-9.798,10.87153784,343.5855689,0.148163558,5.351956687,7.38,4,6.992100479,1310.79,1.757487614
Fe36Ni18Mn33Al13,-9.798,10.87153784,343.5855689,0.148163558,5.351956687,7.38,4,6.992100479,1310.79,1.757487614
Fe36Ni18Mn33Al13,-9.798,10.87153784,343.5855689,0.148163558,5.351956687,7.38,4,6.992100479,1310.79,1.757487614
Fe36Ni18Mn33Al13,-9.798,10.87153784,343.5855689,0.148163558,5.351956687,7.38,4,6.992100479,1310.79,1.757487614
Fe36Ni18Mn33Al13,-9.798,10.87153784,343.5855689,0.148163558,5.351956687,7.38,4,6.992100479,1310.79,1.757487614
Fe36Ni18Mn33Al13C1.26,-12.0861034,11.29290282,340.7477765,0.173422991,7.007133,7.337941932,5,6.9501179,1302.065806,1.471835746
Fe36Ni18Mn33Al13Ti2,-10.87543253,11.46079052,341.2440474,0.148891199,5.55053626,7.31372549,5,6.924875452,1304.794503,1.662875602
Fe36Ni18Mn33Al13Ti6,-12.77002492,12.06471769,343.0010535,0.150019935,5.87601992,7.188679245,5,6.800908559,1314.555167,1.500013878
Fe37.5Ni37.5Cr15Mn10,-4.005,10.39680622,400.0850909,0.118417693,2.534584435,8.35,4,8.083310469,1523.55,4.664155239
Fe37Mn45Co9Cr9,-0.882,9.650030892,376.5579718,0.1392543,4.092070055,7.46,4,7.690438695,1429.88,18.63298425
Fe40.4Ni11.3Mn34.8Al7.5Cr6C1.1,-8.1781746,11.54335869,355.5740424,0.165555851,6.453990904,7.346191889,6,7.21529413,1360.004545,2.305170731
Fe40.4Ni11.3Mn34.8Al7.5Cr6C1.1,-8.1781746,11.54335869,355.5740424,0.165555851,6.453990904,7.346191889,6,7.21529413,1360.004545,2.305170731
Fe40.4Ni11.3Mn34.8Al7.5Cr6C1.1,-8.1781746,11.54335869,355.5740424,0.165555851,6.453990904,7.346191889,6,7.21529413,1360.004545,2.305170731
Fe40.4Ni11.3Mn34.8Al7.5Cr6C1.1,-8.1781746,11.54335869,355.5740424,0.165555851,6.453990904,7.346191889,6,7.21529413,1360.004545,2.305170731
Fe40.4Ni11.3Mn34.8Al7.5Cr6C1.1,-8.1781746,11.54335869,355.5740424,0.165555851,6.453990904,7.346191889,6,7.21529413,1360.004545,2.305170731
Fe40Mn27Ni26Co5Cr2,-3.4172,10.79468703,374.5031969,0.142942331,3.715774934,8.26,5,8.030897709,1428.295292,5.374742309
Fe40Mn27Ni26Co5Cr2,-3.4172,10.79468703,374.5031969,0.142942331,3.715774934,8.26,5,8.030897709,1428.295292,5.374742309
Fe40Mn40Co10Cr10,-0.96,9.923722948,380.7230282,0.138289551,4.045008413,7.5,4,7.715282655,1447.2,17.78362164
Fe40Mn40Co10Cr10,-0.96,9.923722948,380.7230282,0.138289551,4.045008413,7.5,4,7.715282655,1447.2,17.78362164
Fe40Mn40Co10Cr10,-0.96,9.923722948,380.7230282,0.138289551,4.045008413,7.5,4,7.715282655,1447.2,17.78362164
Fe40Mn40Co10Cr10,-0.96,9.923722948,380.7230282,0.138289551,4.045008413,7.5,4,7.715282655,1447.2,17.78362164
Fe45Cr10V10Co10Ni25,-5.82,11.61262282,407.5763649,0.092714616,1.739286365,8.1,5,7.929630605,1559.303243,3.656286656
Fe45Cr10V10Co10Ni25,-5.82,11.61262282,407.5763649,0.092714616,1.739286365,8.1,5,7.929630605,1559.303243,3.656286656
Fe45Cr10V10Co20Ni15,-5.36,11.85892612,408.475666,0.090138782,1.732527204,8,5,7.930000747,1564.215923,4.065146781
Fe45Cr10V10Co20Ni15,-5.36,11.85892612,408.475666,0.090138782,1.732527204,8,5,7.930000747,1564.215923,4.065146781
Fe45Cr10V10Co30Ni5,-4.9,11.06508518,411.0116893,0.087384209,1.724828537,7.9,5,7.930370606,1569.155413,4.160258434
Fe45Cr10V10Co30Ni5,-4.9,11.06508518,411.0116893,0.087384209,1.724828537,7.9,5,7.930370606,1569.155413,4.160258434
Fe45Cr10V10Co35,-4.67,9.87162138,418.0273851,0.085934568,1.720623695,7.85,4,7.93055543,1588.7,3.935648451
Fe50Mn30Co10Cr10,-0.92,9.713640154,388.6624044,0.132075736,3.833181374,7.6,4,7.760129907,1476.2,18.47017
Fe50Mn30Co10Cr10,-0.92,9.713640154,388.6624044,0.132075736,3.833181374,7.6,4,7.760129907,1476.2,18.47017
Fe50Mn30Co10Cr10,-0.92,9.713640154,388.6624044,0.132075736,3.833181374,7.6,4,7.760129907,1476.2,18.47017
Fe68.25Mn27Al4.1Si0.52Nb0.05C0.08,-3.05526096,6.502275483,375.1120758,0.128831083,4.698428729,7.4995,6,7.410532259,1407.573486,3.576953739
Fe70.04Mn28Al1.6Si0.28C0.08,-1.42603584,5.77166321,381.3772677,0.128723899,4.314574455,7.6256,5,7.600816047,1427.164118,6.881762834
FeCoNiCr,-3.75,11.53,414.4320773,0.1,0.3,8.25,4,8.19,1585,5.71
FeCoNiCrMn,-4.16,13.38161053,386.5578337,0.138361844,3.269463577,8,5,8.025760676,1488.962298,5.668245305
FeCoNiCrMn,-4.16,13.38161053,386.5578337,0.138361844,3.269463577,8,5,8.025760676,1488.962298,5.668245305
FeCrCoMnNi,-4.16,13.38161053,386.5578337,0.138361844,3.269463577,8,5,8.025760676,1488.962298,5.668245305
FeMnNi,-4.444444444,9.134370237,372.3099592,0.154344492,3.928542706,8.333333333,3,8.037856306,1411,3.461321168
FeMnNi,-4.444444444,9.134370237,372.3099592,0.154344492,3.928542706,8.333333333,3,8.037856306,1411,3.461321168
FeMnNi,-4.444444444,9.134370237,372.3099592,0.154344492,3.928542706,8.333333333,3,8.037856306,1411,3.461321168
FeMnNi,-4.444444444,9.134370237,372.3099592,0.154344492,3.928542706,8.333333333,3,8.037856306,1411,3.461321168
FeMnNiCoCr,-4.16,13.38161053,386.5578337,0.138361844,3.269463577,8,5,8.025760676,1488.962298,5.668245305
Hf0.4Nb1.54Ta1.54Ti0.89Zr0.64,0.871231589,12.44557018,641.3159738,0.101210115,4.416208731,4.614770459,5,10.39624111,2461.347915,39.06238727
Hf0.4Nb1.54Ta1.54Ti0.89Zr0.64,0.871231589,12.44557018,641.3159738,0.101210115,4.416208731,4.614770459,5,10.39624111,2461.347915,39.06238727
Hf0.4Nb1.54Ta1.54Ti0.89Zr0.64,0.871231589,12.44557018,641.3159738,0.101210115,4.416208731,4.614770459,5,10.39624111,2461.347915,39.06238727
Hf0.5Mo0.5NbTiZrC0.1,-6.472337894,13.60418835,546.1732103,0.298721248,9.450575175,4.487804878,6,7.826605251,2105.584046,4.999854231
Hf0.75NbTa0.5Ti1.5Zr1.25,2.36,12.84151644,557.1020651,0.118594899,4.915964063,4.3,4,8.431908695,2141.385887,13.13826368
Hf0.75NbTa0.5Ti1.5Zr1.25,2.36,12.84151644,557.1020651,0.118594899,4.915964063,4.3,4,8.431908695,2141.385887,13.13826368
Hf0.75NbTa0.5Ti1.5Zr1.25,2.36,12.84151644,557.1020651,0.118594899,4.915964063,4.3,4,8.431908695,2141.385887,13.13826368
Hf0.75NbTa0.5Ti1.5Zr1.25,2.36,12.84151644,557.1020651,0.118594899,4.915964063,4.3,4,8.431908695,2141.385887,13.13826368
Hf0.75NbTa0.5Ti1.5Zr1.25,2.36,12.84151644,557.1020651,0.118594899,4.915964063,4.3,4,8.431908695,2141.385887,13.13826368
Hf0.75NbTa0.5Ti1.5Zr1.25,2.36,12.84151644,557.1020651,0.118594899,4.915964063,4.3,4,8.431908695,2141.385887,13.13826368
Hf0.75NbTa0.5Ti1.5Zr1.25,2.36,12.84151644,557.1020651,0.118594899,4.915964063,4.3,4,8.431908695,2141.385887,13.13826368
Hf0.75NbTa0.5Ti1.5Zr1.25,2.36,12.84151644,557.1020651,0.118594899,4.915964063,4.3,4,8.431908695,2141.385887,13.13826368
Hf0.75NbTa0.5Ti1.5Zr1.25,2.36,12.84151644,557.1020651,0.118594899,4.915964063,4.3,4,8.431908695,2141.385887,13.13826368
Hf0.75NbTa0.5Ti1.5Zr1.25,2.36,12.84151644,557.1020651,0.118594899,4.915964063,4.3,4,8.431908695,2141.385887,13.13826368
Hf0.75NbTa0.5Ti1.5Zr1.25,2.36,12.84151644,557.1020651,0.118594899,4.915964063,4.3,4,8.431908695,2141.385887,13.13826368
HfMo0.25NbTaTiZr,2.467120181,14.33614554,593.2816897,0.189533381,5.272716799,4.476190476,6,9.922611245,2293.630178,14.91525807
HfMo0.5NbTiV0.5,-2.188365651,12.6484181,544.2137787,0.165384845,8.125950407,4.394736842,5,8.294155814,2090.311736,13.66044664
HfMo0.5NbTiV0.5,-2.188365651,12.6484181,544.2137787,0.165384845,8.125950407,4.394736842,5,8.294155814,2090.311736,13.66044664
HfMo0.5NbTiV0.5Si0.3,-16.36560303,14.16626487,554.3696281,0.254130827,7.879095001,4.581395349,6,8.485372575,2141.861429,2.090463242
HfMo0.5NbTiV0.5Si0.3,-16.36560303,14.16626487,554.3696281,0.254130827,7.879095001,4.581395349,6,8.485372575,2141.861429,2.090463242
HfMo0.5NbTiV0.5Si0.5,-31.11815301,14.53503029,545.845943,0.256563457,9.442048204,4.531914894,6,7.91567082,2111.996306,1.114081989
HfMo0.5NbTiV0.5Si0.5,-31.11815301,14.53503029,545.845943,0.256563457,9.442048204,4.531914894,6,7.91567082,2111.996306,1.114081989
HfMo0.5NbTiV0.5Si0.7,-31.11815301,14.53503029,545.845943,0.256563457,9.442048204,4.531914894,6,7.91567082,2111.996306,1.114081989
HfMo0.5NbTiV0.5Si0.7,-31.11815301,14.53503029,545.845943,0.256563457,9.442048204,4.531914894,6,7.91567082,2111.996306,1.114081989
HfMo0.5NbTiV0.5Si0.7,-31.11815301,14.53503029,545.845943,0.256563457,9.442048204,4.531914894,6,7.91567082,2111.996306,1.114081989
HfMo0.75NbTaTiZr,2.056710775,14.85564568,597.427759,0.262094227,5.653424959,4.608695652,6,9.943533814,2314.308612,18.68924344
HfMoNbTaTi,2.72,13.38161053,592.5022515,0.118253964,4.99441746,4.4,5,9.910915715,2282.194003,12.57155081
HfMoNbTaTi,2.72,13.38161053,592.5022515,0.118253964,4.99441746,4.4,5,9.910915715,2282.194003,12.57155081
HfMoNbTaTi,2.72,13.38161053,592.5022515,0.118253964,4.99441746,4.4,5,9.910915715,2282.194003,12.57155081
HfMoNbTaTiZr,1.888888889,12.41459683,594.7083332,0.246152806,19.05954827,3.666666667,6,9.910915715,2282.194003,16.79482883
HfMoNbTaTiZr,1.888888889,12.41459683,594.7083332,0.246152806,19.05954827,3.666666667,6,9.910915715,2282.194003,16.79482883
HfMoNbTaTiZr,1.888888889,12.41459683,594.7083332,0.246152806,19.05954827,3.666666667,6,9.910915715,2282.194003,16.79482883
HfMoNbTaTiZr,1.888888889,12.41459683,594.7083332,0.246152806,19.05954827,3.666666667,6,9.910915715,2282.194003,16.79482883
HfMoNbTaZr,-1.12,13.38161053,621.8810016,0.311152696,6.301264119,4.8,5,10.92817442,2395.370077,31.88312174
HfMoNbTaZr,-1.12,13.38161053,621.8810016,0.311152696,6.301264119,4.8,5,10.92817442,2395.370077,31.88312174
HfMoNbTaZr,-1.12,13.38161053,621.8810016,0.311152696,6.301264119,4.8,5,10.92817442,2395.370077,31.88312174
HfMoNbTiZr,-1.6,13.38,634.561604,0.31,5.06,4.6,5,8.7,2444.2,20.44
HfMoNbTiZr,-1.6,13.38,634.561604,0.31,5.06,4.6,5,8.7,2444.2,20.44
HfMoNbTiZr,-1.6,13.38,634.561604,0.31,5.06,4.6,5,8.7,2444.2,20.44
HfMoNbTiZr,-1.6,13.38,634.561604,0.31,5.06,4.6,5,8.7,2444.2,20.44
HfMoNbTiZr,-1.6,13.38,634.561604,0.31,5.06,4.6,5,8.7,2444.2,20.44
HfMoNbTiZr,-1.6,13.38,634.561604,0.31,5.06,4.6,5,8.7,2444.2,20.44
HfMoNbTiZr,-1.6,13.38,634.561604,0.31,5.06,4.6,5,8.7,2444.2,20.44
HfMoTaTiZr,-1.92,13.38161053,597.8068035,0.311229819,6.087901644,4.6,5,10.21042994,2302.643987,17.95222497
HfMoTaTiZr,-1.92,13.38161053,597.8068035,0.311229819,6.087901644,4.6,5,10.21042994,2302.643987,17.95222497
HfMoTaTiZr,-1.92,13.38161053,597.8068035,0.311229819,6.087901644,4.6,5,10.21042994,2302.643987,17.95222497
HfNb0.18Ta0.18Ti1.27Zr,0.980655458,11.45272946,532.8091979,0.114630243,4.491803564,4.099722992,5,8.511396386,2037.139276,26.98105416
HfNbTaTiZr,2.72,13.38,655.02398,0.12,4.01,4.4,5,9.9,2523,12.41
HfNbTaTiZr,2.72,13.38,655.02398,0.12,4.01,4.4,5,9.9,2523,12.41
HfNbTaTiZr,2.72,13.38,655.02398,0.12,4.01,4.4,5,9.9,2523,12.41
HfNbTaTiZr,2.72,13.38,655.02398,0.12,4.01,4.4,5,9.9,2523,12.41
HfNbTaTiZr,2.72,13.38,655.02398,0.12,4.01,4.4,5,9.9,2523,12.41
HfNbTaTiZr,2.72,13.38,655.02398,0.12,4.01,4.4,5,9.9,2523,12.41
HfNbTaTiZr,2.72,13.38,655.02398,0.12,4.01,4.4,5,9.9,2523,12.41
HfNbTaTiZr,2.72,13.38,655.02398,0.12,4.01,4.4,5,9.9,2523,12.41
HfNbTaTiZr,2.72,13.38,655.02398,0.12,4.01,4.4,5,9.9,2523,12.41
HfNbTaTiZr,2.72,13.38,655.02398,0.12,4.01,4.4,5,9.9,2523,12.41
HfNbTaTiZr,2.72,13.38,655.02398,0.12,4.01,4.4,5,9.9,2523,12.41
HfNbTaTiZr,2.72,13.38,655.02398,0.12,4.01,4.4,5,9.9,2523,12.41
HfNbTaTiZr,2.72,13.38,655.02398,0.12,4.01,4.4,5,9.9,2523,12.41
HfNbTaTiZr,2.72,13.38,655.02398,0.12,4.01,4.4,5,9.9,2523,12.41
HfNbTaTiZr,2.72,13.38,655.02398,0.12,4.01,4.4,5,9.9,2523,12.41
HfNbTaTiZr,2.72,13.38,655.02398,0.12,4.01,4.4,5,9.9,2523,12.41
HfNbTaTiZr,2.72,13.38,655.02398,0.12,4.01,4.4,5,9.9,2523,12.41
HfNbTaTiZr,2.72,13.38,655.02398,0.12,4.01,4.4,5,9.9,2523,12.41
HfNbTaTiZr,2.72,13.38,655.02398,0.12,4.01,4.4,5,9.9,2523,12.41
HfNbTaTiZr,2.72,13.38,655.02398,0.12,4.01,4.4,5,9.9,2523,12.41
HfNbTaTiZr,2.72,13.38,655.02398,0.12,4.01,4.4,5,9.9,2523,12.41
HfNbTaTiZr,2.72,13.38,655.02398,0.12,4.01,4.4,5,9.9,2523,12.41
HfNbTaTiZr,2.72,13.38,655.02398,0.12,4.01,4.4,5,9.9,2523,12.41
HfNbTaTiZr,2.72,13.38,655.02398,0.12,4.01,4.4,5,9.9,2523,12.41
HfNbTaTiZr,2.72,13.38,655.02398,0.12,4.01,4.4,5,9.9,2523,12.41
HfNbTaTiZr,2.72,13.38,655.02398,0.12,4.01,4.4,5,9.9,2523,12.41
HfNbTaTiZr,2.72,13.38,655.02398,0.12,4.01,4.4,5,9.9,2523,12.41
HfNbTaTiZrMoW,-2.93877551,16.17919618,596.7681774,0.38134563,6.024071519,4.857142857,7,11.08932892,2323.686817,14.29667975
HfNbTaTiZrMoW,-2.93877551,16.17919618,596.7681774,0.38134563,6.024071519,4.857142857,7,11.08932892,2323.686817,14.29667975
HfNbTaTiZrMoW,-2.93877551,16.17919618,596.7681774,0.38134563,6.024071519,4.857142857,7,11.08932892,2323.686817,14.29667975
HfNbTaTiZrMoW,-2.93877551,16.17919618,596.7681774,0.38134563,6.024071519,4.857142857,7,11.08932892,2323.686817,14.29667975
HfNbTaTiZrW,-3.222222222,14.8975162,639.1645544,0.354483192,5.720897965,4.666666667,6,11.20730067,2476.410793,12.7122289
HfNbTaTiZrW,-3.222222222,14.8975162,639.1645544,0.354483192,5.720897965,4.666666667,6,11.20730067,2476.410793,12.7122289
HfNbTaTiZrW,-3.222222222,14.8975162,639.1645544,0.354483192,5.720897965,4.666666667,6,11.20730067,2476.410793,12.7122289
HfNbTaZr,3.5,11.53,697.736195,0.12,3.95,4.5,4,11.06,2668.5,8.79
HfNbTaZr,3.5,11.53,697.736195,0.12,3.95,4.5,4,11.06,2668.5,8.79
HfNbTaZr,3.5,11.53,697.736195,0.12,3.95,4.5,4,11.06,2668.5,8.79
HfNbTi,2.666666667,9.134370237,552.1854746,0.129614814,4.289381563,4.333333333,3,9.175686665,2092.666667,8.103842005
HfNbTiZr,2.5,11.53,609.5544375,0.13,4.12,4.25,4,8.4,2331.25,10.75
HfNbTiZr,2.5,11.53,609.5544375,0.13,4.12,4.25,4,8.4,2331.25,10.75
HfNbTiZr,2.5,11.53,609.5544375,0.13,4.12,4.25,4,8.4,2331.25,10.75
HfNbTiZr,2.5,11.53,609.5544375,0.13,4.12,4.25,4,8.4,2331.25,10.75
HfTaTiZr,1.75,11.52629192,565.9615911,0.10401322,4.851813611,4.25,4,10.20859028,2164.5,16.05546601
Mg50(AlCuMnZn)50,-1,11.52629192,179.0921091,0.206514981,8.457736664,5.125,5,3.642828346,684.9373515,11.0431945
Mo0.1NbTiV0.3Zr,0.795847751,11.62138489,526.645105,0.160399857,6.082539185,4.441176471,5,6.614127369,2014.87145,33.41088529
Mo0.3NbTiV0.3Zr,-0.277777778,12.31867362,533.7753425,0.213663482,6.200685176,4.527777778,5,6.78040681,2047.617402,102.9195942
Mo0.3NbTiVZr,-1.254732288,12.82599837,527.7013013,0.197323903,7.007082731,4.604651163,5,6.696356442,2028.267824,23.52532212
Mo0.5NbHf0.5ZrTiSi0.1,-6.472337894,13.60418835,543.450191,0.261445895,6.690756057,4.487804878,6,7.750207975,2095.086501,4.977789471
Mo0.5NbHf0.5ZrTiSi0.3,-17.22011898,14.16626487,538.3708719,0.265227435,8.123389588,4.465116279,6,7.491006993,2080.053791,1.935881409
Mo0.5NbHf0.5ZrTiSi0.5,-26.07407407,14.42664317,534.1002819,0.267807744,9.173947605,4.444444444,6,7.255465216,2065.666635,1.294054505
Mo0.5NbTiV0.3Zr,-1.135734072,12.6484181,540.7452915,0.247688063,6.280554938,4.605263158,5,6.932026792,2076.985372,26.17293565
Mo0.7NbTiV0.3Zr,-1.825,12.79604395,547.3300195,0.271583205,6.331916559,4.675,5,7.07084407,2103.472418,16.66376159
Mo0.7NbTiVZr,-2.209144409,13.30882902,540.038201,0.250581939,6.926019286,4.723404255,5,6.959372709,2079.548597,14.17366073
Mo1.3NbTiV0.3Zr,-3.194706994,12.72470095,564.6233108,0.312228786,6.375459348,4.847826087,5,7.424872496,2169.343413,9.728591172
Mo1.3NbTiVZr,-3.104307583,13.33102043,556.1182839,0.291553089,6.774937147,4.867924528,5,7.287688658,2141.655076,10.37004708
Mo1.5NbHfZrTi,-2.644628099,13.2546386,567.5024221,0.338145159,6.336433278,4.727272727,5,8.815544992,2184.851594,12.31928331
Mo1.5NbTiV0.3Zr,-3.489583333,12.61433915,569.6419899,0.319847986,6.366013885,4.895833333,5,7.525832041,2187.699114,8.895613706
MoNb0.5HfZrTi,-3.358024691,13.14594406,551.8417735,0.326262032,6.252173849,4.555555556,5,8.715853141,2123.673343,9.38304762
MoNbHfZr0.5Ti,-2.765432099,13.14594406,568.080392,0.313656256,5.864135514,4.666666667,5,9.002336168,2186.162365,11.6907527
MoNbHfZr1.5Ti,-3.438016529,13.2546386,551.4011803,0.304185676,6.187199337,4.545454545,5,8.466689624,2122.866085,9.23739808
MoNbHfZrTi,-3.2,13.38161053,558.4887336,0.309554519,6.097271121,4.6,5,8.702267947,2151.20329,10.13804735
MoNbHfZrTi,-3.2,13.38161053,558.4887336,0.309554519,6.097271121,4.6,5,8.702267947,2151.20329,10.13804735
MoNbHfZrTi,-3.2,13.38161053,558.4887336,0.309554519,6.097271121,4.6,5,8.702267947,2151.20329,10.13804735
MoNbHfZrTi,-3.2,13.38161053,558.4887336,0.309554519,6.097271121,4.6,5,8.702267947,2151.20329,10.13804735
MoNbHfZrTi0.5,-3.75308642,13.14594406,567.322373,0.325898568,6.387950115,4.666666667,5,9.116872883,2183.24907,8.60403443
MoNbHfZrTi1.5,-2.776859504,13.2546386,551.3992743,0.295444755,5.842506078,4.545454545,5,8.356539308,2122.856201,11.4367314
MoNbTaTi0.75W,-2.703601108,13.33280622,646.9458634,0.245168267,3.745276683,5.052631579,5,9.645668822,2491.452838,13.63363619
MoNbTaTiV,-2.56,13.38,678.12488,0.24,3.34,5,5,9.37,2612,13.65
MoNbTaTiV,-2.56,13.38,678.12488,0.24,3.34,5,5,9.37,2612,13.65
MoNbTaTiV,-2.56,13.38,678.12488,0.24,3.34,5,5,9.37,2612,13.65
MoNbTaTiW,-4.5,11.53,779.045365,0.34,3.49,5.25,5,12.85,2979.5,7.63
MoNbTaTiZr,-1.76,13.38161053,620.862216,0.28168067,5.462505288,4.8,5,9.143995687,2391.448376,20.25944186
MoNbTaTiZr,-1.76,13.38161053,675.2137473,3.44,4.38,4.8,5,,2600.8,19.77
MoNbTaV,-3.25,11.52629192,651.7853358,0.257135665,3.464885924,5.25,4,10.66950133,2492.75,9.809406411
MoNbTaVW,-4.64,13.38,769.197496,0.34,3.21,5.4,5,12.36,2962.8,8.54
MoNbTaVW,-4.64,13.38,769.197496,0.34,3.21,5.4,5,12.36,2962.8,8.54
MoNbTaVW,-4.64,13.38,769.197496,0.34,3.21,5.4,5,12.36,2962.8,8.54
MoNbTaVW,-4.64,13.38,769.197496,0.34,3.21,5.4,5,12.36,2962.8,8.54
MoNbTaVW,-4.64,13.38,769.197496,0.34,3.21,5.4,5,12.36,2962.8,8.54
MoNbTaVW,-4.64,13.38,769.197496,0.34,3.21,5.4,5,12.36,2962.8,8.54
MoNbTaVW,-4.64,13.38,769.197496,0.34,3.21,5.4,5,12.36,2962.8,8.54
MoNbTaVW,-4.64,13.38,769.197496,0.34,3.21,5.4,5,12.36,2962.8,8.54
MoNbTaW,-6.5,11.53,825.6503925,0.36,2.27,5.5,4,13.64,3157.75,5.6
MoNbTaW,-6.5,11.53,825.6503925,0.36,2.27,5.5,4,13.64,3157.75,5.6
MoNbTaW,-6.5,11.53,825.6503925,0.36,2.27,5.5,4,13.64,3157.75,5.6
MoNbTaW,-6.5,11.53,825.6503925,0.36,2.27,5.5,4,13.64,3157.75,5.6
MoNbTaW,-6.5,11.53,825.6503925,0.36,2.27,5.5,4,13.64,3157.75,5.6
MoNbTiV,-2.75,11.52629192,564.4536173,0.248935233,4.075838919,5,4,7.355181187,2158.75,10.1930143
MoNbTiVZr,-2.72,13.38,617.789032,0.28,5.77,4.8,5,7.13,2379.6,11.71
MoTaTiV,-2.75,11.52629192,598.9681468,0.265459507,4.086753027,5,4,9.599763191,2290.75,10.74627632
Nb0.5TaTiZr1.5,2.375,10.98247607,567.7943494,0.103855368,5.234209818,4.375,4,8.612248127,2167,11.28374273
Nb1.5TaTiZr0.5,2.125,10.98247607,608.144798,0.084103731,3.841219005,4.625,4,9.261337121,2321,13.40714837
NbCrMo0.5Ta0.5TiZr,-4.92,14.53,625.078928,0.22,7.13,4.9,6,7.99,2418.4,7.14
NbCrMo0.5Ta0.5TiZr,-4.92,14.53,625.078928,0.22,7.13,4.9,6,7.99,2418.4,7.14
NbCrMo0.5Ta0.5TiZr,-4.92,14.53,625.078928,0.22,7.13,4.9,6,7.99,2418.4,7.14
NbCrMo0.5Ta0.5TiZr,-4.92,14.53,625.078928,0.22,7.13,4.9,6,7.99,2418.4,7.14
NbCrMo0.5Ta0.5TiZr,-4.92,14.53,625.078928,0.22,7.13,4.9,6,7.99,2418.4,7.14
NbMoTa,-4.888888889,9.134370237,710.7611625,0.290440279,2.227692479,5.333333333,3,11.89198167,2693.666667,5.543182198
NbMoTa,-4.888888889,9.134370237,710.7611625,0.290440279,2.227692479,5.333333333,3,11.89198167,2693.666667,5.543182198
NbMoTaW,-6.5,11.53,825.6503925,0.36,2.27,5.5,4,13.64,3157.75,5.6
NbMoTaW,-6.5,11.53,825.6503925,0.36,2.27,5.5,4,13.64,3157.75,5.6
NbMoTaW,-6.5,11.53,825.6503925,0.36,2.27,5.5,4,13.64,3157.75,5.6
NbMoTaW,-6.5,11.53,825.6503925,0.36,2.27,5.5,4,13.64,3157.75,5.6
NbMoTaW,-6.5,11.53,825.6503925,0.36,2.27,5.5,4,13.64,3157.75,5.6
NbMoTaW,-6.5,11.53,825.6503925,0.36,2.27,5.5,4,13.64,3157.75,5.6
NbMoTaWVTi,-4.222222222,14.8975162,689.0128364,0.334086649,3.575640761,5.166666667,6,10.96954219,2669.548345,10.38289649
NbTa0.2Ti1.8Zr,2.14,9.996163975,519.9081231,0.10219956,4.583851177,4.3,4,6.661832874,1976.8,10.50975193
NbTa0.4Ti1.6Zr,2.26,10.72500744,535.9874348,0.101797593,4.65247045,4.35,4,7.2301821,2043.6,10.99431902
NbTa0.6Ti1.4Zr,2.36,11.18422299,552.5383758,0.101354576,4.717914152,4.4,4,7.796933033,2110.4,11.29582826
NbTa0.8Ti1.2Zr,2.44,11.44258394,569.4652462,0.100869966,4.780298313,4.45,4,8.362092405,2177.2,11.49112113
NbTaTi30Zr,2.364444444,11.47306725,576.6866863,0.097662116,4.690570866,4.466666667,4,8.657564412,2205.066667,12.02512774
NbTaTi35Zr,2.224444444,11.3205112,566.8348878,0.094799643,4.534353886,4.433333333,4,8.386262973,2166.133333,12.41385657
NbTaTi40Zr,2.08,11.07635214,557.1660637,0.09173876,4.37030807,4.4,4,8.111704994,2127.2,12.78227012
NbTaTi45Zr,1.931111111,10.74540772,547.6594544,0.088458873,4.197504306,4.366666667,4,7.83383149,2088.266667,13.13978503
NbTaTiZr,2.5,11.52629192,586.7495009,0.100343161,4.839726937,4.5,4,8.925666912,2244,11.60536229
NbTaTiZr,2.5,11.52629192,586.7495009,0.100343161,4.839726937,4.5,4,8.925666912,2244,11.60536229
NbTiV0.3Zr,1.432506887,10.83685823,520.1172171,0.117480436,6.004910204,4.393939394,4,6.524809509,1983.939394,17.07479244
NbTiV2Zr,-0.96,11.07635214,511.2740006,0.112889326,7.480507608,4.6,4,6.411901676,1952,25.67348434
NbTiV2Zr,-3.52,11.07635214,519.0767653,0.273890489,7.746075475,4.8,4,6.655937237,1981.8,7.095630755
NbTiV5Zr,-1.6875,8.925931309,509.3311725,0.098075226,7.187440703,4.75,4,6.313940928,1928.75,11.64681964
NbTiVZr,-0.25,11.53,588.437985,0.12,6.03,4.5,4,6.46,2250.5,103.76
NbTiVZr,-0.25,11.53,588.437985,0.12,6.03,4.5,4,6.46,2250.5,103.76
NbTiVZr,-0.25,11.53,588.437985,0.12,6.03,4.5,4,6.46,2250.5,103.76
NbTiVZr,-0.25,11.53,588.437985,0.12,6.03,4.5,4,6.46,2250.5,103.76
NbTiZr,3.111111111,9.134370237,626.5960266,0.041096093,1.064065164,4.666666667,3,9.975229265,2374.666667,7.774115706
NbTiZr,3.111111111,9.134370237,626.5960266,0.041096093,1.064065164,4.666666667,3,9.975229265,2374.666667,7.774115706
NbTiZr,3.111111111,9.134370237,626.5960266,0.041096093,1.064065164,4.666666667,3,9.975229265,2374.666667,7.774115706
NbTiZr,3.111111111,9.134370237,626.5960266,0.041096093,1.064065164,4.666666667,3,9.975229265,2374.666667,7.774115706
NbTiZr,3.111111111,9.134370237,626.5960266,0.041096093,1.064065164,4.666666667,3,9.975229265,2374.666667,7.774115706
Ni14Fe20Cr26Co20Mn20,-3.7232,13.22962036,391.7481361,0.135458481,3.262141651,7.76,5,7.924909869,1508.06978,6.329195708
Ni14Fe20Cr26Co20Mn20,-3.7232,13.22962036,391.7481361,0.135458481,3.262141651,7.76,5,7.924909869,1508.06978,6.329195708
Ni18.5Fe18.5Cr18.5Co26Mn18.5,-4.1144,13.29411604,386.8108101,0.136417732,3.165958789,8.075,5,8.08813992,1489.434581,5.695120543
Ni30Co30Cr10Fe10Al18W2,-12.4432,13.05208317,365.6450006,0.140858085,5.590999885,7.76,6,7.39262667,1406.656565,1.762004548
Ni45(FeCoCr)40(AlTi)15,-14.63666667,12.91925854,378.8816252,0.12911663,5.631744257,8.091666667,6,7.432029989,1456.840901,1.527000664
Ni45(FeCoCr)40(AlTi)15,-14.63666667,12.91925854,378.8816252,0.12911663,5.631744257,8.091666667,6,7.432029989,1456.840901,1.527000664
Ni45(FeCoCr)40(AlTi)15,-14.63666667,12.91925854,378.8816252,0.12911663,5.631744257,8.091666667,6,7.432029989,1456.840901,1.527000664
Ni45(FeCoCr)40(AlTi)15,-14.63666667,12.91925854,378.8816252,0.12911663,5.631744257,8.091666667,6,7.432029989,1456.840901,1.527000664
Ni45(FeCoCr)40(AlTi)15,-14.63666667,12.91925854,378.8816252,0.12911663,5.631744257,8.091666667,6,7.432029989,1456.840901,1.527000664
Ni45(FeCoCr)40(AlTi)15,-14.63666667,12.91925854,378.8816252,0.12911663,5.631744257,8.091666667,6,7.432029989,1456.840901,1.527000664
Ni46Co22Al12Cr8Fe8Ti3Mo1,-13.03169786,12.47259103,442.1775343,0.11814667,5.45784,8.24,7,7.453086934,1697.29,1.484127103
NiFeCrCoMn,-4.16,13.38,467.623384,0.14,0.92,8,5,8.03,1801.2,5.79
NiFeCrCoMn,-4.16,13.38,467.623384,0.14,0.92,8,5,8.03,1801.2,5.79
Re10Nb30Ti30Zr30,-8.16,10.92382327,553.4967252,0.164890873,5.42081242,4.6,4,7.668517459,2112,3.193009447
Re10Nb30Ti30Zr30,-8.16,10.92382327,553.4967252,0.164890873,5.42081242,4.6,4,7.668517459,2112,3.193009447
Re10Nb30Ti30Zr30,-8.16,10.92382327,553.4967252,0.164890873,5.42081242,4.6,4,7.668517459,2112,3.193009447
Ta0.4ZrHfTi,1.799307958,11.07132439,581.3910137,0.105538658,4.652904584,4.294117647,4,10.97780806,2219.647059,15.33843318
Ta0.5ZrHfTi,1.795918367,11.23935679,578.2684512,0.105424313,4.708270791,4.285714286,4,10.8281302,2209.142857,15.5348793
Ta0.6ZrHfTi,1.790123457,11.35814929,575.4103625,0.105240759,4.752695773,4.277777778,4,10.68815608,2199.222222,15.68694757
Ta10Nb30Ti30Zr30,2.64,10.92382327,548.6853236,0.109859001,4.991703425,4.4,4,7.491418361,2093.6,9.793166188
Ta10Nb30Ti30Zr30,2.64,10.92382327,548.6853236,0.109859001,4.991703425,4.4,4,7.491418361,2093.6,9.793166188
Ti1.89CrNbV0.56,-4.089746244,10.77141625,502.1076667,0.048822023,6.319443553,4.8,4,6.184842846,1914.786517,5.762502989
Ti1.89CrNbV0.56,-4.089746244,10.77141625,502.1076667,0.048822023,6.319443553,4.8,4,6.184842846,1914.786517,5.762502989
Ti25Zr25Nb25Ta25,2.5,11.52629192,586.7495009,0.100343161,4.839726937,4.5,4,8.925666912,2244,11.60536229
Ti2ZrHf0.5V,-1.777777778,10.58454586,474.5036779,0.123107902,6.956581546,4.222222222,4,6.52433557,1808.222222,12.3920886
Ti2ZrHf0.5V,-1.777777778,10.58454586,474.5036779,0.123107902,6.956581546,4.222222222,4,6.52433557,1808.222222,12.3920886
Ti2ZrHf0.5VNb,0.52892562,12.60229632,513.4386746,0.119627521,6.436207738,4.363636364,5,6.887990805,1971.746058,53.48737946
Ti2ZrHf0.5VNb,0.52892562,12.60229632,513.4386746,0.119627521,6.436207738,4.363636364,5,6.887990805,1971.746058,53.48737946
Ti2ZrHf0.5VNb0.25,-1.019390582,11.74184049,495.3262273,0.122467702,6.815842839,4.263157895,5,6.6292353,1895.930246,24.98452969
Ti2ZrHf0.5VNb0.5,-0.4,12.22898133,501.632141,0.12163881,6.682543255,4.3,4,6.72390148,1923.651423,67.16160897
Ti2ZrHf0.5VNb0.5,-0.4,12.22898133,501.632141,0.12163881,6.682543255,4.3,4,6.72390148,1923.651423,67.16160897
Ti2ZrHf0.5VNb0.5,-0.4,12.22898133,501.632141,0.12163881,6.682543255,4.3,4,6.72390148,1923.651423,67.16160897
Ti30Zr20Ni30Co10Cu10,-33.2,12.51150515,402.3982511,0.23471046,10.20926813,7,5,6.705104011,1544.910655,0.685140821
Ti30Zr25Nb25Ta20,2.44,11.44258394,569.4652462,0.100869966,4.780298313,4.45,4,8.362092405,2177.2,11.49112113
Ti35Zr27.5Hf27.5Nb5Ta5,-10.245,11.44944891,532.6473123,0.114716771,4.495453867,4.1,5,8.493765586,2036.537698,2.581225116
Ti40Zr25Nb25Ta10,2.26,10.72500744,535.9874348,0.101797593,4.65247045,4.35,4,7.2301821,2043.6,10.99431902
TiZrHfCr0.2Mo,-4.444444444,12.56917544,542.8538517,0.338068409,7.254736767,4.571428571,5,8.686830363,2084.462533,6.667480249
TiZrNbMo,-3.2,13.38161053,558.4887336,0.309554519,6.097271121,4.6,4,8.702267947,2151.20329,10.13804735
TiZrNbMoV,-2.72,13.38161053,548.4427053,0.274765354,6.853413663,4.8,5,7.132233447,2112.506076,11.73673546
TiZrNbMoV0.75,-2.703601108,13.33280622,550.8012936,0.281855742,6.727569386,4.789473684,5,7.173980851,2121.192089,11.80769567
TiZrNbMoV2,-2.666666667,12.97646755,541.7397429,0.250959271,7.071199247,4.833333333,5,6.993560446,2083.436081,11.46756105
TiZrNbTa,2.5,11.53,660.73719,3.92,3.75,4.5,4,,2527,11.65
TiZrNbV,-0.25,11.52629192,514.4492706,0.117153745,7.048397669,4.5,4,6.46945509,1967.5,103.305544
TiZrNbVMo2.0,-4.777777778,12.97646755,571.5597992,0.314253967,6.581670059,5,5,7.595944062,2198.126345,6.711998501
V10Cr10Fe45Co20Ni15,-5.36,11.85892612,408.475666,0.090138782,1.732527204,8,5,7.930000747,1564.215923,4.065146781
V10Cr10Fe45Co20Ni15,-5.36,11.85892612,408.475666,0.090138782,1.732527204,8,5,7.930000747,1564.215923,4.065146781
V10Cr10Fe45Co30Ni5,-4.9,11.06508518,411.0116893,0.087384209,1.724828537,7.9,5,7.930370606,1569.155413,4.160258434
V10Cr10Fe45Co35Ni0,-4.67,9.87162138,418.0273851,0.085934568,1.720623695,7.85,4,7.93055543,1588.7,3.935648451
V10Cr15Mn5Fe35Co10Ni25,-6.26,13.37699643,403.4622915,0.113643082,2.403624139,7.95,6,7.871764882,1554.05548,3.904556099
V10Cr15Mn5Fe35Co10Ni25,-6.26,13.37699643,403.4622915,0.113643082,2.403624139,7.95,6,7.871764882,1554.05548,3.904556099
V10Cr15Mn5Fe35Co10Ni25,-6.26,13.37699643,403.4622915,0.113643082,2.403624139,7.95,6,7.871764882,1554.05548,3.904556099
V10Cr15Mn5Fe35Co10Ni25,-6.26,13.37699643,403.4622915,0.113643082,2.403624139,7.95,6,7.871764882,1554.05548,3.904556099
V10Cr15Mn5Fe35Co10Ni25,-6.26,13.37699643,403.4622915,0.113643082,2.403624139,7.95,6,7.871764882,1554.05548,3.904556099
V10Cr15Mn5Fe35Co10Ni25,-6.26,13.37699643,403.4622915,0.113643082,2.403624139,7.95,6,7.871764882,1554.05548,3.904556099
V10Cr15Mn5Fe35Co10Ni25,-6.26,13.37699643,403.4622915,0.113643082,2.403624139,7.95,6,7.871764882,1554.05548,3.904556099
V10Cr15Mn5Fe35Co10Ni25,-6.26,13.37699643,403.4622915,0.113643082,2.403624139,7.95,6,7.871764882,1554.05548,3.904556099
V10Cr15Mn5Fe35Co10Ni25,-6.26,13.37699643,403.4622915,0.113643082,2.403624139,7.95,6,7.871764882,1554.05548,3.904556099
VCrFeTa0.1W0.1,-4.83203125,10.86752061,498.0660943,0.147477488,3.597630783,6.28125,5,7.904708836,1900.073304,4.887706188
VCrFeTa0.3W0.3,-5.410493827,12.31867362,556.5607513,0.210254842,4.551487962,6.194444444,5,9.321052015,2135.04423,5.483003895
VCrFeTa0.4W0.4,-5.628808864,12.70370305,578.667977,0.230952502,4.820751784,6.157894737,5,9.888782982,2223.134223,5.633883519
VNbMoTaW,-4.64,13.38,769.197496,0.34,3.21,5.4,5,12.36,2962.8,8.54
VNbMoTaW,-4.64,13.38,769.197496,0.34,3.21,5.4,5,12.36,2962.8,8.54
VNbMoTaW,-4.64,13.38,769.197496,0.34,3.21,5.4,5,12.36,2962.8,8.54
VNbMoTaW,-4.64,13.38,769.197496,0.34,3.21,5.4,5,12.36,2962.8,8.54
VNbMoTaW,-4.64,13.38,769.197496,0.34,3.21,5.4,5,12.36,2962.8,8.54
VNbMoTaW,-4.64,13.38,769.197496,0.34,3.21,5.4,5,12.36,2962.8,8.54
W0.16NbMoTa,-5.367729531,10.3378776,717.0456022,0.312691537,2.262966135,5.367088608,4,12.23957284,2729.936709,5.78373829
W0.33NbMoTa,-5.753501249,10.91555652,724.5672231,0.329930963,2.287751991,5.399399399,4,12.57506278,2764.654655,5.763330357
W0.53NbMoTa,-6.083027711,11.27956173,733.1299537,0.344459613,2.30459934,5.433427762,4,12.93135648,2801.21813,5.700701487
Zr2.0TiHfVNb2.0,1.469387755,12.88596992,537.1529873,0.137410453,6.802239355,4.428571429,5,7.872809981,2065.061688,20.50522428
Zr2.0TiHfVNb2.0,1.469387755,12.88596992,537.1529873,0.137410453,6.802239355,4.428571429,5,7.872809981,2065.061688,20.50522428
Zr2.0TiHfVNb2.0,1.469387755,12.88596992,537.1529873,0.137410453,6.802239355,4.428571429,5,7.872809981,2065.061688,20.50522428
Zr2.0TiHfVNb2.0,1.469387755,12.88596992,537.1529873,0.137410453,6.802239355,4.428571429,5,7.872809981,2065.061688,20.50522428
ZrTiHfCuNiFe,-24.77777778,14.8975162,431.3592945,0.257601113,10.92413122,6.833333333,6,8.436944231,1671.367381,1.169131447
ZrTiHfNb0.5Mo0.5,-2.125,12.96707842,540.3628201,0.270497227,5.703787685,4.375,5,8.569015185,2078.063584,14.34746867
ZrTiHfNb0.5Mo0.5,-2.125,12.96707842,540.3628201,0.270497227,5.703787685,4.375,5,8.569015185,2078.063584,14.34746867
ZrTiHfNb0.5Mo0.5,-2.125,12.96707842,540.3628201,0.270497227,5.703787685,4.375,5,8.569015185,2078.063584,14.34746867
ZrTiHfNb0.5Ta0.5,0.875,12.96707842,562.4439913,0.118215904,4.862116278,4.25,5,9.309718284,2162.968877,36.102108
ZrTiHfNb0.5Ta0.5,0.875,12.96707842,562.4439913,0.118215904,4.862116278,4.25,5,9.309718284,2162.968877,36.102108
ZrTiHfNb0.5Ta0.5,0.875,12.96707842,562.4439913,0.118215904,4.862116278,4.25,5,9.309718284,2162.968877,36.102108
ZrTiHfNb0.5Ta0.5,0.875,12.96707842,562.4439913,0.118215904,4.862116278,4.25,5,9.309718284,2162.968877,36.102108
ZrTiHfV0.5Nb0.5,0.4375,12.96707842,523.6762156,0.134530433,6.440523166,4.25,5,8.190507447,2013.882607,67.78544264
ZrTiHfV0.5Nb0.5,0.4375,12.96707842,523.6762156,0.134530433,6.440523166,4.25,5,8.190507447,2013.882607,67.78544264
ZrTiHfV0.5Nb0.5,0.4375,12.96707842,523.6762156,0.134530433,6.440523166,4.25,5,8.190507447,2013.882607,67.78544264
ZrTiHfV0.5Nb0.5,0.4375,12.96707842,523.6762156,0.134530433,6.440523166,4.25,5,8.190507447,2013.882607,67.78544264
