nelements,radius_mean,radius_mean_wtd,radius_std,radius_std_wtd,radius_range,radius_range_wtd,radius_entropy,radius_entropy_wtd,mass_mean,mass_mean_wtd,mass_std,mass_std_wtd,mass_range,mass_range_wtd,mass_entropy,mass_entropy_wtd,valence_mean,valence_mean_wtd,valence_std,valence_std_wtd,valence_range,valence_range_wtd,valence_entropy,valence_entropy_wtd,electronnegativity_mean,electronnegativity_mean_wtd,electronnegativity_std,electronnegativity_std_wtd,electronnegativity_range,electronnegativity_range_wtd,electronnegativity_entropy,electronnegativity_entropy_wtd,firstionization_mean,firstionization_mean_wtd,firstionization_std,firstionization_std_wtd,firstionization_range,firstionization_range_wtd,firstionization_entropy,firstionization_entropy_wtd,shell_range,d_mean,d_ratio,d_unfill
2,1.04,0.97,0.21,0.1979898987322333,0.42,0.1366666666666666,0.6726198700383119,0.6831885935289709,31.4035,24.53933333333333,20.5925,19.41479518877864,41.185,10.124666666666668,0.4592483527084841,0.6054361312466057,4.5,4.0,1.5,1.4142135623730951,3,0.0,0.6365141682948128,0.6931471805599453,1.85,1.9133333333333336,0.19,0.1791337179005921,0.3800000000000001,0.8066666666666666,0.6878639472290639,0.6014325670093152,7.532249999999999,7.7875,0.7657500000000002,0.7219560235914652,1.5315000000000003,3.2765000000000004,0.6879705744494028,0.6018207924175245,2,1.6666666666666667,0.4166666666666667,3.333333333333333
2,1.1,1.01,0.2700000000000001,0.2545584412271572,0.5400000000000001,0.0966666666666665,0.6627131950543128,0.6885600012003286,97.3255,68.48733333333334,86.5145,81.56665282795142,173.029,54.07266666666667,0.2145162955776002,0.3364376440600153,4.5,4.0,1.5,1.4142135623730951,3,0.0,0.6365141682948128,0.6931471805599453,2.2,2.1466666666666665,0.1599999999999999,0.15084944665313,0.3199999999999998,0.5733333333333333,0.6905002161617066,0.6570445131494749,8.081,8.153333333333332,0.217,0.2045895620233078,0.4340000000000001,2.9106666666666667,0.692786592398138,0.6279983083091303,4,1.3333333333333333,0.1538461538461538,4.0
2,1.095,1.0066666666666668,0.265,0.2498443960192468,0.5300000000000001,0.0999999999999998,0.6635702005597852,0.6882050394699384,53.38549999999999,39.194,42.5745,40.13962354083555,85.149,24.779333333333334,0.3278297765026379,0.4772391514665088,4.5,4.0,1.5,1.4142135623730951,3,0.0,0.6365141682948128,0.6931471805599453,2.1,2.08,0.06,0.0565685424949238,0.1200000000000001,0.6399999999999999,0.6927389617440811,0.6450331516760341,7.6952,7.896133333333333,0.6028000000000002,0.568325290265668,1.2056000000000004,3.167866666666667,0.6900758844183057,0.6103584049589702,3,1.6666666666666667,0.4166666666666667,3.333333333333333
2,1.13,1.0699999999999998,0.3,0.2939387691339813,0.6,0.074,0.6574794569081959,0.6907537952806981,18.8965,17.2794,8.0855,7.922139726109354,16.171,4.3062,0.5985844835768639,0.6617646707768754,3.0,3.0,0.0,0.0,0,0.5999999999999996,0.6931471805599453,0.6730116670092565,1.825,1.868,0.2149999999999999,0.2106561178793533,0.4299999999999999,0.5799999999999998,0.6861916508243582,0.6441383712450707,7.1419,7.37312,1.1561,1.1327420366526528,2.3122,2.58448,0.679987482866178,0.6303881638050726,1,0.0,0.0,0.0
2,1.13,1.03,0.3,0.282842712474619,0.6,0.0766666666666666,0.6574794569081959,0.6903744322558265,95.8795,67.52333333333334,85.0685,80.20335095382376,170.137,53.10866666666667,0.2168830627024243,0.339641391031081,4.0,3.666666666666667,1.0,0.9428090415820634,2,0.3333333333333335,0.6615632381579821,0.6890092384766585,1.77,1.86,0.27,0.2545584412271571,0.54,0.8599999999999999,0.6814670463014058,0.5820788525760486,7.9238,8.048533333333333,0.3742000000000001,0.3527991433600081,0.7484000000000002,3.0154666666666667,0.6920316740724313,0.6212201900374158,4,1.0,0.12,4.666666666666667
3,1.4066666666666667,1.315,0.2903254878388889,0.2973634140239851,0.71,0.1625,1.0768987238121148,1.0871030223543336,140.071,113.0695,77.12009639949022,81.53450164347605,175.135,35.7675,0.9077959046048062,1.0011047441846237,5.0,5.25,0.816496580927726,0.82915619758885,2,2.0,1.0851886129676505,0.9773202089564674,2.1366666666666667,2.2475,0.4616155206325811,0.443473505409286,1.08,0.915,1.0740266071468418,0.967380537493052,8.4421,8.921575,1.3572449815711236,1.439192232425884,2.9433,3.325825,1.0860993835503712,0.9707717439017456,3,3.25,0.2203389830508474,3.5
3,1.44,1.3649999999999998,0.2491318258807306,0.2518432051892606,0.6100000000000001,0.2124999999999999,1.0835854246312533,1.0802469410097508,155.70266666666666,136.517,55.313467566427455,58.30055048625184,128.24,12.32,1.0284364386474183,1.0924947742286046,5.0,5.25,0.816496580927726,0.82915619758885,2,2.0,1.0851886129676505,0.9773202089564674,2.126666666666667,2.2325,0.4521307578811932,0.4323410112399701,1.0499999999999998,0.8999999999999999,1.0747811394409572,0.9701333626104116,8.239566666666667,8.617775,1.0711097433140184,1.1355975043451796,2.3357,3.022025,1.0903858863198654,0.9853808947908004,3,8.25,0.4177215189873418,1.75
2,1.4500000000000002,1.4833333333333334,0.0999999999999999,0.0942809041582063,0.1999999999999999,0.5833333333333333,0.6907671705264811,0.6136933668679538,155.94299999999998,173.622,53.03699999999999,50.00376313838789,106.07399999999998,105.018,0.6341414361690383,0.4970111945502903,7.0,6.333333333333334,2.0,1.8856180831641267,4,0.333333333333333,0.6517565611726531,0.6917614988524178,2.15,2.1066666666666665,0.1299999999999999,0.1225651754056681,0.2599999999999998,0.5866666666666668,0.6913180499046876,0.6538539288020517,7.372249999999999,7.343366666666666,0.0866500000000001,0.0816944034530858,0.1733000000000002,2.3707666666666665,0.6930781061744641,0.6400875461258653,2,9.333333333333334,0.417910447761194,0.6666666666666666
3,1.2033333333333334,1.158,0.2659991645768,0.2693993318477238,0.6,0.254,1.0726379371044257,1.059315113282988,98.22166666666666,81.6764,69.53707369134509,64.4981429704763,170.137,36.83800000000001,0.7881098615407758,0.8615882183660892,5.666666666666667,5.8,2.494438257849294,2.712931993250108,6,2.6,1.0027399543973452,0.9250738293082053,1.94,2.028,0.3261901286060017,0.2849842100889099,0.7799999999999998,0.6119999999999999,1.084026158624443,1.0083948484411716,7.768833333333333,7.81268,0.3760050029217993,0.3976437269717706,0.8391000000000002,1.80928,1.0974531653199389,1.0489646439735398,4,3.8,0.441860465116279,3.0
3,1.2066666666666666,1.162,0.2678722747048592,0.2722792683991934,0.6,0.258,1.0723856012335409,1.0582879048263274,127.992,117.4008,82.98709803738572,87.12742980347808,181.406,72.56240000000001,0.8014586533431645,0.7615622223931647,5.666666666666667,5.8,2.494438257849294,2.712931993250108,6,2.6,1.0027399543973452,0.9250738293082053,1.9133333333333336,1.996,0.2994810326028828,0.2581162528784269,0.7000000000000002,0.5800000000000001,1.085922370089291,1.0115917721904708,8.271533333333334,8.41592,0.5789536845801132,0.5264406762399731,1.4174000000000009,2.07688,1.096155805721355,1.0386730503550743,4,3.4,0.2394366197183098,3.8
3,1.2033333333333334,1.158,0.2659991645768,0.2693993318477238,0.6,0.254,1.0726379371044257,1.059315113282988,68.87433333333334,64.06800000000001,41.259447470313454,43.63720162888541,92.095,36.83800000000001,0.8609410359877868,0.8251847112686018,5.666666666666667,5.8,2.494438257849294,2.712931993250108,6,2.6,1.0027399543973452,0.9250738293082053,1.9733333333333327,2.048,0.2815828277592382,0.2483867951401603,0.6799999999999997,0.5919999999999999,1.088210870385281,1.0169390529306344,7.505266666666666,7.654539999999999,0.6291897452720886,0.5842606562143305,1.5391000000000004,1.9674200000000004,1.0951029668619998,1.0357665575692774,3,4.0,0.689655172413793,2.8
3,1.2066666666666666,1.162,0.2678722747048592,0.2722792683991934,0.6,0.258,1.0723856012335409,1.0582879048263274,98.64466666666668,99.7924,74.16977565169132,81.20026473749947,181.406,72.56240000000001,0.7648993245783754,0.6499117726169681,5.666666666666667,5.8,2.494438257849294,2.712931993250108,6,2.6,1.0027399543973452,0.9250738293082053,1.9466666666666668,2.016,0.2536839678725393,0.2199636333578803,0.6000000000000001,0.56,1.0898969599187205,1.0200828757784115,8.007966666666666,8.25778,0.9244875709758836,0.8069526092652533,2.208100000000001,2.2350200000000005,1.0918121016235227,1.0248035815219207,4,3.6,0.3157894736842105,3.6
2,1.215,1.086666666666667,0.385,0.3629814810090944,0.7700000000000001,0.0199999999999999,0.6420672833219068,0.6929778006777552,17.558,15.309,6.747,6.361132603554181,13.494,0.8943333333333339,0.6173820332112447,0.6914398308502955,2.5,2.6666666666666665,0.5,0.4714045207910317,1,1.3333333333333337,0.6730116670092565,0.5623351446188083,1.675,1.7966666666666669,0.365,0.3441253001774531,0.73,0.9233333333333332,0.6692131345606754,0.5545618482814483,7.9721,8.080733333333333,0.3258999999999998,0.3072614666515943,0.6517999999999997,2.9832666666666667,0.6923113576367339,0.6233600784520256,1,0.0,0.0,0.0
2,1.235,1.17,0.1949999999999999,0.1838477631085023,0.3899999999999999,0.2166666666666667,0.6806294878916634,0.6759010305740114,106.5065,81.69266666666667,74.4415,70.18411926893117,148.883,38.93933333333334,0.4236285696783975,0.5747983082009487,5.5,5.666666666666667,0.5,0.4714045207910317,1,2.333333333333333,0.6890092384766586,0.605797499372304,2.04,2.22,0.54,0.5091168824543143,1.08,1.22,0.6576915199330449,0.5334422454609226,8.954799999999999,9.4232,1.4051999999999998,1.3248352652311153,2.8104,4.390133333333333,0.6807839791440013,0.580309837561809,3,1.0,0.0967741935483871,4.666666666666667
2,1.295,1.2433333333333332,0.155,0.1461354014452198,0.31,0.2766666666666666,0.6859669969583957,0.6681811111918161,63.4135,68.59566666666666,15.546499999999998,14.657380764955546,31.093,36.68433333333333,0.6627867703208181,0.5424043900316283,5.0,5.333333333333333,1.0,0.9428090415820634,2,2.666666666666667,0.6730116670092565,0.5623351446188083,2.045,2.2133333333333334,0.5049999999999999,0.4761185659989418,1.0099999999999998,1.1866666666666663,0.6623388607198248,0.5415951451269333,8.29025,8.777633333333334,1.4621499999999998,1.3785282401492138,2.9243,4.2255666666666665,0.6775123678163624,0.5723226291611632,1,7.333333333333334,0.6111111111111112,2.6666666666666665
3,1.3266666666666664,1.2799999999999998,0.1322455628325158,0.1401784576887619,0.29,0.2174999999999999,1.0935159505420735,1.0716200741174355,96.85866666666666,92.384,16.466801052083216,16.230667823598633,39.75,16.253499999999995,1.084344332008992,1.0752177604706492,5.0,5.25,0.816496580927726,0.82915619758885,2,2.0,1.0851886129676505,0.9773202089564674,2.036666666666666,2.165,0.3916063783387031,0.4054935264588079,0.9499999999999996,0.8749999999999999,1.0803007436855194,0.960088426157166,7.951733333333333,8.4019,1.2954681478995236,1.3662460887409706,2.9935,3.186475,1.0856932995372883,0.9706778105425256,2,8.5,0.6666666666666666,1.5
1,1.43,1.43,0.0,0.0,0.0,0.0,0.0,0.0,26.982,26.982,0.0,0.0,0.0,0.0,0.0,0.0,3.0,3.0,0.0,0.0,0,0.0,0.0,0.0,1.61,1.61,0.0,0.0,0.0,0.0,0.0,0.0,5.9858,5.9858,0.0,0.0,0.0,0.0,0.0,0.0,0,0.0,0.0,0.0
1,1.75,1.75,0.0,0.0,0.0,0.0,0.0,0.0,207.2,207.2,0.0,0.0,0.0,0.0,0.0,0.0,4.0,4.0,0.0,0.0,0,0.0,0.0,0.0,2.33,2.33,0.0,0.0,0.0,0.0,0.0,0.0,7.4167,7.4167,0.0,0.0,0.0,0.0,0.0,0.0,2,10.0,0.3571428571428571,0.0
1,1.6,1.6,0.0,0.0,0.0,0.0,0.0,0.0,200.59,200.59,0.0,0.0,0.0,0.0,0.0,0.0,12.0,12.0,0.0,0.0,0,0.0,0.0,0.0,2.0,2.0,0.0,0.0,0.0,0.0,0.0,0.0,10.4375,10.4375,0.0,0.0,0.0,0.0,0.0,0.0,2,10.0,0.3846153846153846,0.0
3,1.7766666666666666,1.4900000000000002,0.6177557949725944,0.4105281151557506,1.3299999999999998,0.4611111111111112,1.0415996190479215,1.024965414005894,101.869,99.39233333333334,36.2971280131087,34.42700133454682,81.963,52.87722222222222,1.0274080989727457,0.8470594720969331,3.666666666666667,4.555555555555555,1.8856180831641267,1.257078722109418,4,2.6666666666666665,0.9347698978582792,0.760092831625328,1.4899999999999998,1.77,0.5238320341483517,0.3959797974644665,1.2599999999999998,1.051111111111111,1.0316755771644175,0.7952131507387186,6.416166666666667,7.463833333333333,1.9387829624678352,1.5216796669762294,4.714499999999999,4.349788888888889,1.0506143216307593,0.8117425411837788,3,6.555555555555555,0.6483516483516484,2.333333333333333
2,1.495,1.4733333333333332,0.065,0.0612825877028341,0.1300000000000001,0.4333333333333332,0.6922017029622767,0.649248354870898,182.8145,164.40966666666668,55.2145,52.05672982643284,110.429,5.723666666666674,0.6468176919162355,0.6925410701639176,6.0,6.0,0.0,0.0,0,2.0,0.6931471805599453,0.6365141682948128,1.9,1.9666666666666668,0.2,0.1885618083164127,0.4000000000000001,0.8333333333333333,0.6875967375909238,0.6004738707386492,7.601850000000001,8.0711,1.4077500000000005,1.3272394282871502,2.815500000000001,3.9417,0.6759010305740114,0.5686327461499967,3,7.0,0.5526315789473685,3.0
2,1.4,1.41,0.0299999999999999,0.0282842712474618,0.0599999999999998,0.4966666666666666,0.6929175711491787,0.6297574160842663,155.72,146.34666666666666,28.120000000000005,26.511790249287625,56.24000000000001,23.78666666666666,0.6767527263164891,0.6798793498069866,6.0,6.0,0.0,0.0,0,2.0,0.6931471805599453,0.6365141682948128,2.23,2.1866666666666665,0.1299999999999999,0.1225651754056681,0.2599999999999998,0.6133333333333333,0.6914470070947,0.6532777329645801,8.4368,8.627733333333333,0.5728000000000004,0.5400410190182063,1.1456000000000008,3.385066666666667,0.6908406742487989,0.6140716430151398,2,8.0,0.4615384615384614,2.0
2,1.395,1.4066666666666667,0.0349999999999999,0.0329983164553721,0.0699999999999998,0.4999999999999999,0.6928324033723698,0.6285723226744457,111.78,117.05333333333331,15.82,14.915239037828242,31.64,53.08,0.6830983881859467,0.5864800397850538,6.0,6.0,0.0,0.0,0,2.0,0.6931471805599453,0.6365141682948128,2.13,2.12,0.03,0.0282842712474619,0.06,0.6799999999999999,0.6930479906110416,0.6407848608302267,8.051,8.370533333333334,0.9586000000000006,0.9037767472605664,1.917200000000001,3.642266666666667,0.6860419858542176,0.5952385970411858,1,8.333333333333334,0.6578947368421053,1.6666666666666667
2,1.26,1.2233333333333334,0.1100000000000001,0.103708994574027,0.2200000000000002,0.3099999999999999,0.6893315414787771,0.6606871126573276,107.407,81.92933333333333,76.43299999999999,72.06172347524185,152.866,40.63066666666667,0.4124969881433092,0.5645634325843405,5.5,5.333333333333334,0.5,0.4714045207910317,1,1.333333333333333,0.6890092384766586,0.6615632381579821,2.275,2.2466666666666666,0.0849999999999999,0.0801387685344753,0.1699999999999999,0.6733333333333333,0.6924490347402742,0.6475384362373405,9.17535,9.612466666666666,1.3113500000000005,1.236352636678639,2.622700000000001,4.369800000000001,0.6828989204367539,0.585927261919033,3,1.3333333333333333,0.1333333333333333,4.0
2,1.285,1.2366666666666666,0.145,0.1367073110293992,0.29,0.2833333333333332,0.6867671150736664,0.6666667916403752,85.93299999999999,83.60866666666666,6.973000000000006,6.574207446951734,13.946000000000012,21.67133333333333,0.6898513340153476,0.6591683291639562,5.5,5.666666666666667,0.5,0.4714045207910317,1,2.333333333333333,0.6890092384766586,0.605797499372304,2.075,2.2333333333333334,0.4749999999999998,0.4478342947514799,0.9499999999999996,1.1666666666666663,0.6667122203444069,0.5496996817077255,8.25565,8.754566666666665,1.49675,1.4111494329879533,2.9935,4.248633333333333,0.6766210812588771,0.5702642602091504,2,8.0,0.6486486486486487,2.0
3,1.65,1.447777777777778,0.438710230866191,0.2912722200499723,0.95,0.5033333333333334,1.0649323641650894,1.005788518505692,70.6,88.96933333333334,36.49729929734528,36.82016843464402,82.662,63.300222222222224,0.972871001307215,0.6718850856116239,3.666666666666667,4.555555555555555,1.8856180831641267,1.257078722109418,4,2.6666666666666665,0.9347698978582792,0.760092831625328,1.5,1.7733333333333334,0.5104899607240087,0.3877570831790897,1.23,1.0477777777777777,1.036249123363155,0.7993313892311185,6.565099999999999,7.513477777777778,1.7469809634528553,1.4073986150797486,4.2677,4.300144444444445,1.0620394698309403,0.8248526709967112,2,6.555555555555555,0.6483516483516484,2.333333333333333
3,1.72,1.471111111111111,0.5376492040974921,0.3571630329398123,1.16,0.4800000000000001,1.0523446583295868,1.0169675254233934,86.05666666666667,94.12155555555556,28.914323755229383,32.46831640952663,70.81800000000001,58.148,1.0406665972969609,0.7777786300738752,3.666666666666667,4.555555555555555,1.8856180831641267,1.257078722109418,4,2.6666666666666665,0.9347698978582792,0.760092831625328,1.5,1.7733333333333334,0.5104899607240087,0.3877570831790897,1.23,1.0477777777777777,1.036249123363155,0.7993313892311185,6.510566666666667,7.4953,1.816727318253592,1.4487106037208854,4.431299999999999,4.318322222222222,1.0581426751226968,0.8201503802106493,2,6.555555555555555,0.6483516483516484,2.333333333333333
3,1.7766666666666666,1.4900000000000002,0.6177557949725944,0.4105281151557506,1.3299999999999998,0.4611111111111112,1.0415996190479215,1.024965414005894,101.869,99.39233333333334,36.2971280131087,34.42700133454682,81.963,52.87722222222222,1.0274080989727457,0.8470594720969331,3.666666666666667,4.555555555555555,1.8856180831641267,1.257078722109418,4,2.6666666666666665,0.9347698978582792,0.760092831625328,1.4899999999999998,1.77,0.5238320341483517,0.3959797974644665,1.2599999999999998,1.051111111111111,1.0316755771644175,0.7952131507387186,6.416166666666667,7.463833333333333,1.9387829624678352,1.5216796669762294,4.714499999999999,4.349788888888889,1.0506143216307593,0.8117425411837788,3,6.555555555555555,0.6483516483516484,2.333333333333333
2,1.4500000000000002,1.4833333333333334,0.0999999999999999,0.0942809041582063,0.1999999999999999,0.5833333333333333,0.6907671705264811,0.6136933668679538,155.94299999999998,173.622,53.03699999999999,50.00376313838789,106.07399999999998,105.018,0.6341414361690383,0.4970111945502903,7.0,6.333333333333334,2.0,1.8856180831641267,4,0.333333333333333,0.6517565611726531,0.6917614988524178,2.15,2.1066666666666665,0.1299999999999999,0.1225651754056681,0.2599999999999998,0.5866666666666668,0.6913180499046876,0.6538539288020517,7.372249999999999,7.343366666666666,0.0866500000000001,0.0816944034530858,0.1733000000000002,2.3707666666666665,0.6930781061744641,0.6400875461258653,2,9.333333333333334,0.417910447761194,0.6666666666666666
2,1.485,1.4433333333333334,0.125,0.1178511301977579,0.25,0.3700000000000001,0.6896002626323239,0.6599195645036219,118.5865,143.13,73.6305,69.41950113620813,147.26100000000002,113.15933333333334,0.4855689309689492,0.3352832134072046,6.0,7.0,3.0,2.8284271247461903,6,5.0,0.5623351446188083,0.410116318288409,1.7800000000000002,1.92,0.42,0.3959797974644666,0.8400000000000001,1.0133333333333334,0.6650455492294951,0.5465556740613113,7.76425,8.165166666666668,1.2027500000000004,1.133963574762827,2.405500000000001,3.7908333333333335,0.6811003719135964,0.5811242676085926,3,5.0,0.3061224489795918,5.0
3,1.82,1.5333333333333332,0.5880476171195662,0.3969326839094451,1.2899999999999998,0.4611111111111112,1.0491833328924596,1.029529336002243,100.844,98.36733333333332,37.73570062950999,35.869804212209225,85.03800000000001,52.87722222222222,1.0193787369870038,0.8372064761483533,3.333333333333333,4.222222222222222,1.699673171197595,1.227262335243029,4,2.6666666666666665,0.9433483923290392,0.7351973329063589,1.46,1.74,0.5174939613174244,0.4086563348340509,1.2599999999999998,1.051111111111111,1.0317756984130506,0.7882233957803274,6.443466666666666,7.491133333333334,1.943808060369016,1.509243787096335,4.714499999999999,4.349788888888889,1.0505885539164903,0.8131410096251257,3,6.222222222222222,0.6363636363636364,2.6666666666666665
3,1.4466666666666668,1.3838461538461535,0.1211977264179856,0.0783030072650186,0.29,0.5269230769230769,1.0951387712266232,0.9319856206618232,71.536,81.75907692307692,33.44645228819742,34.244420262984875,73.75399999999999,51.33107692307692,0.9963501137727918,0.760424699518224,4.0,4.384615384615385,0.816496580927726,0.6249260311258431,2,2.076923076923077,1.0775563270668007,0.8569977547780645,1.65,1.7615384615384615,0.2453568829277058,0.1963844797974764,0.5999999999999999,0.7999999999999999,1.087562165799424,0.8732846088533354,6.883866666666666,7.007853846153846,0.3339176778122948,0.3147123561295165,0.7824,2.8847615384615386,1.097445566489165,0.9012312255790278,2,6.076923076923077,0.6752136752136751,3.9230769230769234
2,1.13,0.93,0.6,0.565685424949238,1.2,0.2233333333333333,0.5446725334918512,0.6640290225955775,87.98750000000001,58.99433333333334,86.9795,82.00505903228708,173.959,57.650333333333336,0.0352821723334849,0.0622994851449182,9.0,6.333333333333334,8.0,7.542472332656507,16,4.999999999999999,0.2145591551764051,0.3364957575835161,1.735,1.89,0.4650000000000001,0.4384062043356595,0.9300000000000002,1.0433333333333334,0.6567892751118141,0.5319066761763304,9.51215,10.874233333333333,4.08625,3.8525534461647055,8.1725,7.256966666666667,0.5978058979859129,0.4500074098217539,5,0.3333333333333333,0.0526315789473684,6.0
2,1.13,0.8300000000000001,0.6,0.5196152422706631,1.2,0.0349999999999999,0.5446725334918512,0.6922578183106676,87.98750000000001,44.49775,86.9795,75.32645660846859,173.959,42.98575,0.0352821723334849,0.086079780497437,9.0,5.0,8.0,6.928203230275509,16,3.5,0.2145591551764051,0.4227090878059908,1.735,1.9675,0.4650000000000001,0.402701812759764,0.9300000000000002,1.3325,0.6567892751118141,0.4419384757442747,9.51215,11.555275,4.08625,3.5387963062141625,8.1725,8.842325,0.5978058979859129,0.3616925113831813,5,0.25,0.05,4.5
3,0.9866666666666666,0.8385,0.5301781671182706,0.5160162303648985,1.2,0.3975,0.9628608590205694,0.8348435573689889,63.327333333333335,45.1477,79.11933973575755,75.00379326547424,173.959,43.0414,0.2958580699125003,0.1602718775028595,7.666666666666667,5.2,6.79869268479038,6.867313885355759,16,4.0,0.6915021980540987,0.5807433128100168,2.17,2.0095,0.7229107828771127,0.4639124378586977,1.77,1.388,1.0410499779915925,0.6907521382898031,11.186133333333334,11.60206,4.090973776770296,3.5715322190062904,9.1082,8.792174999999999,1.0230656443325414,0.586836105937736,5,0.25,0.048076923076923,6.75
4,1.21,0.98609756097561,0.388136573901507,0.4460661552641042,1.09,0.3712195121951219,1.3327422890434009,1.144064770325924,79.42975,61.321097560975616,75.74455434674826,77.83798510721778,191.201,43.93302439024389,0.978125075393042,0.7995703003476669,6.5,5.536585365853659,2.692582403567252,1.1913829016409574,7,3.390243902439024,1.307336083298387,0.9799511392897504,2.465,2.9758536585365856,0.5838878316937252,0.5844070399475639,1.54,2.051219512195122,1.359767944503687,0.8540068481828977,9.811975,11.654863414634146,2.5014399226995243,2.6209110722535995,6.2014000000000005,8.115270731707316,1.354716635094109,0.8501469204848883,4,2.439024390243903,0.2257336343115124,0.0
3,1.2133333333333334,1.0258333333333334,0.4375944342526409,0.4587021243561979,1.0699999999999998,0.2241666666666666,1.0301871753712255,1.055684218379075,71.199,53.841166666666666,50.94946016069912,51.46103286603261,122.906,25.3935,0.8289033653260556,0.8964873365896928,6.333333333333334,5.916666666666667,2.867441755680876,2.215789300051388,7,2.75,0.9932682101499608,0.9292743751398048,2.1500000000000004,2.6,0.9702576977277736,1.02637712367336,2.34,1.731666666666667,0.9972847429500034,0.6946690505663412,8.944933333333335,10.611416666666669,3.410059053577942,3.6168713240482058,8.0412,6.670591666666668,1.028400819532434,0.7378356629874684,4,1.5833333333333333,0.2676056338028169,2.916666666666667
3,1.2133333333333334,1.075,0.4375944342526409,0.4483581157958445,1.0699999999999998,0.12,1.0301871753712255,1.087997960333412,71.199,57.399,50.94946016069912,50.1817259368388,122.906,26.72675,0.8289033653260556,0.9273600371920904,6.333333333333334,6.25,2.867441755680876,2.48746859276655,7,2.25,0.9932682101499608,0.9732531211321692,2.1500000000000004,2.4725,0.9702576977277736,1.00899392961504,2.34,1.4449999999999998,0.9972847429500034,0.814304255290849,8.944933333333335,10.113225,3.410059053577942,3.5799571669050736,8.0412,5.414825,1.028400819532434,0.8542979133936035,4,2.25,0.36,3.25
2,1.13,0.6390909090909092,0.6,0.3449757447456413,1.2,0.3245454545454545,0.5446725334918512,0.5579966367358649,69.9565,13.544090909090908,68.9485,39.64260022765809,137.897,11.711363636363638,0.0427185268297257,0.2475378736513979,2.0,1.1818181818181817,1.0,0.5749595745760689,2,0.6363636363636364,0.5623351446188083,0.5402041423888608,1.65,2.1,0.55,0.3162277660168379,1.1,1.9,0.6365141682948128,0.1914440819577173,9.58765,12.869172727272728,4.01075,2.3060191137309687,8.0215,11.855190909090908,0.6029000357778588,0.1660190804948934,5,0.0909090909090909,0.0769230769230769,1.6363636363636365
2,1.4,1.41,0.0299999999999999,0.0282842712474618,0.0599999999999998,0.4966666666666666,0.6929175711491787,0.6297574160842663,155.72,146.34666666666666,28.120000000000005,26.511790249287625,56.24000000000001,23.78666666666666,0.6767527263164891,0.6798793498069866,6.0,6.0,0.0,0.0,0,2.0,0.6931471805599453,0.6365141682948128,2.23,2.1866666666666665,0.1299999999999999,0.1225651754056681,0.2599999999999998,0.6133333333333333,0.6914470070947,0.6532777329645801,8.4368,8.627733333333333,0.5728000000000004,0.5400410190182063,1.1456000000000008,3.385066666666667,0.6908406742487989,0.6140716430151398,2,8.0,0.4615384615384614,2.0
3,1.69,1.4377419354838707,0.4108527716834827,0.1544753801747219,0.8999999999999999,0.8493548387096773,1.07034961713379,0.7989309609962751,116.846,142.8870322580645,59.577949097519856,32.23776886889229,144.74200000000002,81.06135483870966,0.9509867190662374,0.7244160872009279,4.333333333333334,5.838709677419354,2.357022603955158,0.8834234798470422,5,3.838709677419355,0.9110175397125628,0.6672280651488558,1.7600000000000002,2.1425806451612903,0.6731022705849882,0.2698980421821865,1.54,1.3283870967741938,1.0158616895540244,0.7117341900212768,7.071433333333333,8.489441935483871,1.9867524998236588,0.9251874097068796,4.668900000000001,5.672622580645162,1.0562162923180862,0.688003322743139,2,7.741935483870967,0.4606525911708253,1.9354838709677415
3,1.69,1.46375,0.4108527716834827,0.2099665151875412,0.8999999999999999,0.751875,1.07034961713379,0.886992797602985,116.846,139.643625,59.577949097519856,36.508996796808525,144.74200000000002,77.306375,0.9509867190662374,0.7561213178920368,4.333333333333334,5.6875,2.357022603955158,1.2103072956898178,5,3.6875,0.9110175397125628,0.6900178012070621,1.7600000000000002,2.10125,0.6731022705849882,0.3514590125462712,1.54,1.26125,1.0158616895540244,0.7520094119244481,7.071433333333333,8.35979375,1.9867524998236588,1.1620201539069528,4.668900000000001,5.35970625,1.0562162923180862,0.7373092423093649,2,7.5,0.4597701149425287,1.875
3,1.69,1.4881818181818185,0.4108527716834827,0.2486990946292758,0.8999999999999999,0.6603030303030304,1.07034961713379,0.9449686996409672,116.846,136.5967878787879,59.577949097519856,39.86952039732332,144.74200000000002,73.7789696969697,0.9509867190662374,0.7828139887999499,4.333333333333334,5.545454545454546,2.357022603955158,1.4373989364401725,5,3.545454545454546,0.9110175397125628,0.7097292144087657,1.7600000000000002,2.0624242424242425,0.6731022705849882,0.4099004336090789,1.54,1.1981818181818182,1.0158616895540244,0.7851568848719179,7.071433333333333,8.238003030303032,1.9867524998236588,1.3356752130811227,4.668900000000001,5.065754545454546,1.0562162923180862,0.7769450046434726,2,7.272727272727272,0.4588910133843212,1.8181818181818183
3,1.69,1.5111764705882351,0.4108527716834827,0.2783540351030167,0.8999999999999999,0.5741176470588235,1.07034961713379,0.9848521697943722,116.846,133.72917647058824,59.577949097519856,42.593330281844246,144.74200000000002,70.45905882352942,0.9509867190662374,0.8062002493983603,4.333333333333334,5.411764705882353,2.357022603955158,1.6109486985446064,5,3.411764705882353,0.9110175397125628,0.7274093428717513,1.7600000000000002,2.0258823529411765,0.6731022705849882,0.4551284088167984,1.54,1.1388235294117648,1.0158616895540244,0.8136133514477937,7.071433333333333,8.123376470588235,1.9867524998236588,1.4714455631550631,4.668900000000001,4.789094117647059,1.0562162923180862,0.8102455846576501,2,7.058823529411765,0.4580152671755725,1.7647058823529411
3,1.69,1.532857142857143,0.4108527716834827,0.3020744603435331,0.8999999999999999,0.4928571428571427,1.07034961713379,1.0125396902655035,116.846,131.02542857142856,59.577949097519856,44.84313019167769,144.74200000000002,67.32885714285715,0.9509867190662374,0.8271068484997491,4.333333333333334,5.285714285714286,2.357022603955158,1.749635530559413,5,3.2857142857142856,0.9110175397125628,0.7435619200548542,1.7600000000000002,1.9914285714285715,0.6731022705849882,0.4915116208894635,1.54,1.0828571428571427,1.0158616895540244,0.8385677070913209,7.071433333333333,8.0153,1.9867524998236588,1.5812742827045718,4.668900000000001,4.528242857142858,1.0562162923180862,0.8388492710456421,2,6.857142857142858,0.4571428571428572,1.7142857142857142
3,1.69,1.5533333333333332,0.4108527716834827,0.3215414263961782,0.8999999999999999,0.4161111111111111,1.07034961713379,1.0315236659607845,116.846,128.47188888888888,59.577949097519856,46.72544904235674,144.74200000000002,64.37255555555555,0.9509867190662374,0.8460298634291223,4.333333333333334,5.166666666666666,2.357022603955158,1.8633899812498247,5,3.166666666666667,0.9110175397125628,0.7584873205812663,1.7600000000000002,1.958888888888889,0.6731022705849882,0.5214710910160141,1.54,1.03,1.0158616895540244,0.8607371921591769,7.071433333333333,7.913227777777778,1.9867524998236588,1.672013116909459,4.668900000000001,4.281883333333334,1.0562162923180862,0.8637489753267376,2,6.666666666666666,0.456273764258555,1.6666666666666663
3,1.69,1.5727027027027023,0.4108527716834827,0.3377881044474611,0.8999999999999999,0.4027027027027026,1.07034961713379,1.0440783780849283,116.846,126.05637837837838,59.577949097519856,48.314689619680045,144.74200000000002,61.57605405405403,0.9509867190662374,0.8633028184315555,4.333333333333334,5.0540540540540535,2.357022603955158,1.9582941548904649,5,3.054054054054054,0.9110175397125628,0.7723864034291388,1.7600000000000002,1.928108108108108,0.6731022705849882,0.546526317151941,1.54,0.98,1.0158616895540244,0.8806060131358331,7.071433333333333,7.816672972972973,1.9867524998236588,1.7480538450561205,4.668900000000001,4.04884054054054,1.0562162923180862,0.8856168410776085,2,6.486486486486486,0.4554079696394686,1.6216216216216215
3,1.69,1.5910526315789475,0.4108527716834827,0.3515064532887001,0.8999999999999999,0.3921052631578946,1.07034961713379,1.051773336085197,116.846,123.768,59.577949097519856,49.66524982319127,144.74200000000002,58.92673684210526,0.9509867190662374,0.8791666204629472,4.333333333333334,4.947368421052632,2.357022603955158,2.038412287477588,5,2.9473684210526314,0.9110175397125628,0.7854035841032989,1.7600000000000002,1.898947368421053,0.6731022705849882,0.5677091058005538,1.54,0.9326315789473684,1.0158616895540244,0.8985249454988564,7.071433333333333,7.725200000000001,1.9867524998236588,1.812420913701079,4.668900000000001,3.8280631578947366,1.0562162923180862,0.9049403318311966,2,6.315789473684211,0.4545454545454546,1.5789473684210529
3,1.69,1.6084615384615386,0.4108527716834827,0.3631877275511756,0.8999999999999999,0.382051282051282,1.07034961713379,1.0557351454526298,116.846,121.59697435897436,59.577949097519856,50.818277470826445,144.74200000000002,56.41328205128206,0.9509867190662374,0.8938041111339855,4.333333333333334,4.846153846153847,2.357022603955158,2.106625221173716,5,2.8461538461538467,0.9110175397125628,0.7976480517623008,1.7600000000000002,1.8712820512820516,0.6731022705849882,0.5857591151317194,1.54,0.8876923076923079,1.0158616895540244,0.9147607143077569,7.071433333333333,7.638417948717949,1.9867524998236588,1.8673041722571944,4.668900000000001,3.618607692307693,1.0562162923180862,0.9220899998703288,2,6.153846153846154,0.4536862003780718,1.5384615384615383
3,1.69,1.625,0.4108527716834827,0.3731956591387418,0.8999999999999999,0.3724999999999999,1.07034961713379,1.0567959033493608,116.846,119.5345,59.577949097519856,51.8057246909065,144.74200000000002,54.0255,0.9509867190662374,0.9073591843055244,4.333333333333334,4.75,2.357022603955158,2.165063509461097,5,2.75,0.9110175397125628,0.8092054732283176,1.7600000000000002,1.845,0.6731022705849882,0.6012279101971232,1.54,0.8450000000000001,1.0158616895540244,0.9295234140337698,7.071433333333333,7.555975,1.9867524998236588,1.9143487148048552,4.668900000000001,3.4196250000000004,1.0562162923180862,0.9373572850189312,2,6.0,0.4528301886792453,1.5
3,1.38,1.4401666666666668,0.1801850900231944,0.1225083897353791,0.4400000000000001,0.8645000000000002,1.0901135158689397,0.7256777375517541,88.41966666666666,140.39448333333334,73.7182204086766,70.65416165626567,164.13100000000003,124.47295,0.7719730592140251,0.3616072863045219,5.333333333333333,6.916666666666667,2.6246692913372702,2.841898817496656,6,5.783333333333334,0.9840865030829148,0.4660090850154585,1.82,1.915,0.3475629439396553,0.3943031828428475,0.8400000000000001,1.3983333333333334,1.0798100043747312,0.6270016555708225,7.8934,8.151578333333333,0.9988816179441222,1.1291484211699347,2.405500000000001,5.692688333333334,1.0904462049085462,0.6610814405988297,3,4.883333333333333,0.3048907388137357,6.9
3,1.38,1.437,0.1801850900231944,0.1269159827077215,0.4400000000000001,0.8223333333333334,1.0901135158689397,0.77251415070984,88.41966666666666,137.6589666666667,73.7182204086766,71.76341601284197,164.13100000000003,120.80123333333334,0.7719730592140251,0.3840539948051816,5.333333333333333,6.833333333333333,2.6246692913372702,2.852873794770615,6,5.5666666666666655,0.9840865030829148,0.5093242861808519,1.82,1.91,0.3475629439396553,0.3925557285278105,0.8400000000000001,1.33,1.0798100043747312,0.6843994272564262,7.8934,8.137990000000002,0.9988816179441222,1.1241484063799885,2.405500000000001,5.407376666666667,1.0904462049085462,0.7176936459657056,3,4.766666666666666,0.3036093418259023,6.799999999999999
3,1.38,1.4338333333333335,0.1801850900231944,0.1310990931403502,0.4400000000000001,0.7801666666666668,1.0901135158689397,0.8120301244844317,88.41966666666666,134.92345000000003,73.7182204086766,72.75300058037126,164.13100000000003,117.12951666666667,0.7719730592140251,0.4053735584228176,5.333333333333333,6.750000000000001,2.6246692913372702,2.8613807855648994,6,5.3500000000000005,0.9840865030829148,0.5481068135404408,1.82,1.905,0.3475629439396553,0.3907364840912607,0.8400000000000001,1.261666666666667,1.0798100043747312,0.7329008831953807,7.8934,8.124401666666666,0.9988816179441222,1.1189610522700166,2.405500000000001,5.122065,1.0904462049085462,0.7652637708612637,3,4.65,0.3022751895991332,6.700000000000001
3,1.38,1.430666666666667,0.1801850900231944,0.1350785779545455,0.4400000000000001,0.7380000000000001,1.0901135158689397,0.8466662137341009,88.41966666666666,132.18793333333335,73.7182204086766,73.62774073809108,164.13100000000003,113.4578,0.7719730592140251,0.4261367251594226,5.333333333333333,6.666666666666666,2.6246692913372702,2.867441755680876,6,5.133333333333333,0.9840865030829148,0.5840070660932889,1.82,1.9,0.3475629439396553,0.3888444419044716,0.8400000000000001,1.1933333333333334,1.0798100043747312,0.7754795780452975,7.8934,8.110813333333335,0.9988816179441222,1.1135837408215976,2.405500000000001,4.836753333333334,1.0904462049085462,0.8068061785234822,3,4.533333333333333,0.3008849557522124,6.6
3,1.38,1.4275,0.1801850900231944,0.1388719434107072,0.4400000000000001,0.6958333333333334,1.0901135158689397,0.8775681982050766,88.41966666666666,129.45241666666666,73.7182204086766,74.39168781575258,164.13100000000003,109.78608333333334,0.7719730592140251,0.4466135539310479,5.333333333333333,6.583333333333333,2.6246692913372702,2.8710721961587025,6,4.916666666666667,0.9840865030829148,0.6177827258264882,1.82,1.895,0.3475629439396553,0.3868785339095464,0.8400000000000001,1.125,1.0798100043747312,0.8135300564881662,7.8934,8.097225,0.9988816179441222,1.108013706387095,2.405500000000001,4.551441666666667,1.0904462049085462,0.8437385438354262,3,4.416666666666666,0.2994350282485875,6.5
3,1.38,1.4243333333333337,0.1801850900231944,0.1424940544568634,0.4400000000000001,0.6536666666666667,1.0901135158689397,0.9054011012041367,88.41966666666666,126.7169,73.7182204086766,75.04822531605927,164.13100000000003,106.11436666666668,0.7719730592140251,0.4669644360880034,5.333333333333333,6.5,2.6246692913372702,2.8722813232690143,6,4.699999999999999,0.9840865030829148,0.6498621061516273,1.82,1.89,0.3475629439396553,0.3848376280978772,0.8400000000000001,1.0566666666666669,1.0798100043747312,0.8478607940986386,7.8934,8.083636666666667,0.9988816179441222,1.102248027285854,2.405500000000001,4.26613,1.0904462049085462,0.8768854194112665,3,4.3,0.2979214780600461,6.4
3,1.38,1.421166666666667,0.1801850900231944,0.1459576612887754,0.4400000000000001,0.6115,1.0901135158689397,0.930596267528909,88.41966666666666,123.98138333333334,73.7182204086766,75.60015163500923,164.13100000000003,102.44265,0.7719730592140251,0.4872974019000017,5.333333333333333,6.416666666666667,2.6246692913372702,2.8710721961587025,6,4.4833333333333325,0.9840865030829148,0.6805138661250998,1.82,1.885,0.3475629439396553,0.3827205246651922,0.8400000000000001,0.9883333333333332,1.0798100043747312,0.8789954895124013,7.8934,8.070048333333334,0.9988816179441222,1.0962836166630832,2.405500000000001,3.980818333333333,1.0904462049085462,0.906782973169738,3,4.183333333333333,0.2963400236127508,6.299999999999999
3,1.38,1.418,0.1801850900231944,0.1492737976560745,0.4400000000000001,0.5693333333333334,1.0901135158689397,0.9534531996176648,88.41966666666666,121.24586666666669,73.7182204086766,76.04974443425537,164.13100000000003,98.77093333333336,0.7719730592140251,0.5076914713751621,5.333333333333333,6.333333333333333,2.6246692913372702,2.867441755680876,6,4.266666666666667,0.9840865030829148,0.7099164082413006,1.82,1.8800000000000003,0.3475629439396553,0.380525951808809,0.8400000000000001,0.92,1.0798100043747312,0.9072972087101256,7.8934,8.056460000000001,0.9988816179441222,1.0901172125357288,2.405500000000001,3.6955066666666663,1.0904462049085462,0.9338046414737232,3,4.066666666666667,0.2946859903381643,6.200000000000001
3,1.38,1.4148333333333334,0.1801850900231944,0.1524520871909889,0.4400000000000001,0.5271666666666668,1.0901135158689397,0.9741893844004168,88.41966666666666,118.51035,73.7182204086766,76.39881037638938,164.13100000000003,95.09921666666668,0.7719730592140251,0.528207932731979,5.333333333333333,6.25,2.6246692913372702,2.8613807855648994,6,4.050000000000001,0.9840865030829148,0.7381915122479921,1.82,1.875,0.3475629439396553,0.3782525611281436,0.8400000000000001,0.851666666666667,1.0798100043747312,0.9330291085552248,7.8934,8.042871666666667,0.9988816179441222,1.083745366939988,2.405500000000001,3.4101950000000008,1.0904462049085462,0.9582226367109812,3,3.95,0.2929542645241038,6.1
3,1.38,1.4116666666666668,0.1801850900231944,0.1555009824906439,0.4400000000000001,0.4850000000000001,1.0901135158689397,0.992967571637255,88.41966666666666,115.77483333333332,73.7182204086766,76.64872290176936,164.13100000000003,91.4275,0.7719730592140251,0.5488964123493247,5.333333333333333,6.166666666666667,2.6246692913372702,2.852873794770615,6,3.8333333333333335,0.9840865030829148,0.7654225169154467,1.82,1.87,0.3475629439396553,0.37589892258425,0.8400000000000001,0.7833333333333334,1.0798100043747312,0.9563876699894912,7.8934,8.029283333333334,0.9988816179441222,1.0771644340840243,2.405500000000001,3.124883333333334,1.0904462049085462,0.9802416378302622,3,3.8333333333333335,0.2911392405063291,6.0
3,1.25,1.1703654485049837,0.16062378404209,0.183651227668465,0.3899999999999999,0.6867774086378738,1.0902238675181963,0.6974833038180546,92.18633333333334,81.63237873754153,64.06631170036941,70.07521793483082,148.883,59.90449833887043,0.865292665337783,0.5913019831551394,7.333333333333333,5.684385382059801,2.6246692913372702,0.561845000840125,6,3.950166112956811,1.0376517997982746,0.6407578208570164,1.9933333333333327,2.218936877076412,0.4458200932613463,0.5086039122314056,1.08,1.7079734219269105,1.0738692811501167,0.5514420887915509,8.545333333333334,9.417562790697676,1.28519152744726,1.3262317775004533,2.8104,6.858051827242525,1.0876397332326495,0.5975452126091112,3,1.0299003322259137,0.0996464159434265,4.651162790697675
3,1.25,1.170728476821192,0.16062378404209,0.1834550645587345,0.3899999999999999,0.6802649006622518,1.0902238675181963,0.713903634122889,92.18633333333334,81.57249006622517,64.06631170036941,69.96681854718092,148.883,59.49572185430464,0.865292665337783,0.6041512233850402,7.333333333333333,5.701986754966887,2.6246692913372702,0.6386523682776791,6,3.900662251655629,1.0376517997982746,0.6664570240606791,1.9933333333333327,2.217880794701987,0.4458200932613463,0.5080916239940179,1.08,1.6960264900662254,1.0738692811501167,0.565415426176008,8.545333333333334,9.411962913907283,1.28519152744726,1.3275938877571152,2.8104,6.809758940397352,1.0876397332326495,0.610925996245143,3,1.0596026490066226,0.102498398462524,4.635761589403973
3,1.25,1.171089108910891,0.16062378404209,0.1832592763180944,0.3899999999999999,0.6737953795379538,1.0902238675181963,0.7283310672033289,92.18633333333334,81.51299669966996,64.06631170036941,69.85891729266652,148.883,59.08964356435644,0.865292665337783,0.6155947291984397,7.333333333333333,5.719471947194719,2.6246692913372702,0.7063014705951385,6,3.8514851485148514,1.0376517997982746,0.6885492772108168,1.9933333333333327,2.2168316831683166,0.4458200932613463,0.5075800296711144,1.08,1.684158415841584,1.0738692811501167,0.5778376537206146,8.545333333333334,9.406399999999998,1.28519152744726,1.3289222611716696,2.8104,6.761784818481847,1.0876397332326495,0.622823135612964,3,1.089108910891089,0.1053303542930098,4.62046204620462
3,1.25,1.171447368421053,0.16062378404209,0.1830638653827244,0.3899999999999999,0.6673684210526316,1.0902238675181963,0.7414464187927889,92.18633333333334,81.4538947368421,64.06631170036941,69.75151039801726,148.883,58.68623684210528,0.865292665337783,0.6261140889372026,7.333333333333333,5.7368421052631575,2.6246692913372702,0.7672305124796448,6,3.8026315789473686,1.0376517997982746,0.708259657201259,1.9933333333333327,2.2157894736842105,0.4458200932613463,0.5070691408214537,1.08,1.6723684210526315,1.0738692811501167,0.5892393254840165,8.545333333333334,9.400873684210524,1.28519152744726,1.330217547242439,2.8104,6.714126315789474,1.0876397332326495,0.6337446116947204,3,1.118421052631579,0.1081424936386768,4.605263157894737
3,1.25,1.1718032786885246,0.16062378404209,0.1828688340889542,0.3899999999999999,0.6609836065573771,1.0902238675181963,0.7535757766386436,92.18633333333334,81.39518032786886,64.06631170036941,69.64459412947488,148.883,58.28547540983608,0.865292665337783,0.6359394004295027,7.333333333333333,5.754098360655738,2.6246692913372702,0.8229442883941727,6,3.754098360655738,1.0376517997982746,0.7261787926918797,1.9933333333333327,2.214754098360656,0.4458200932613463,0.5065589686430512,1.08,1.6606557377049185,1.0738692811501167,0.5998740942030863,8.545333333333334,9.395383606557376,1.28519152744726,1.331480380257232,2.8104,6.666780327868852,1.0876397332326495,0.6439332130389603,3,1.1475409836065575,0.1109350237717908,4.59016393442623
3,1.25,1.172156862745098,0.16062378404209,0.1826741846759425,0.3899999999999999,0.654640522875817,1.0902238675181963,0.764912780574684,92.18633333333334,81.33684967320261,64.06631170036941,69.53816479226892,148.883,57.88733333333334,0.865292665337783,0.6452069823852504,7.333333333333333,5.771241830065359,2.6246692913372702,0.8744502065529185,6,3.7058823529411766,1.0376517997982746,0.7426595470098001,1.9933333333333327,2.2137254901960786,0.4458200932613463,0.5060495239823855,1.08,1.6490196078431372,1.0738692811501167,0.6098923251570846,8.545333333333334,9.389929411764706,1.28519152744726,1.3327113797383014,2.8104,6.6197437908496735,1.0876397332326495,0.6535328228261457,3,1.1764705882352942,0.1137081490840177,4.57516339869281
3,1.25,1.1725081433224755,0.16062378404209,0.1824799192882829,0.3899999999999999,0.6483387622149837,1.0902238675181963,0.7755864136133448,92.18633333333334,81.2788990228013,64.06631170036941,69.43221873010103,148.883,57.49178501628664,0.865292665337783,0.6540074319819826,7.333333333333333,5.788273615635179,2.6246692913372702,0.922462687850573,6,3.6579804560260585,1.0376517997982746,0.7579382886919954,1.9933333333333327,2.212703583061889,0.4458200932613463,0.5055408173433585,1.08,1.637459283387622,1.0738692811501167,0.6193940106629514,8.545333333333334,9.384510749185669,1.28519152744726,1.3339111508712476,2.8104,6.573013680781759,1.0876397332326495,0.662639095364347,3,1.2052117263843647,0.116462071136292,4.560260586319218
3,1.25,1.1728571428571428,0.16062378404209,0.1822860399785389,0.3899999999999999,0.642077922077922,1.0902238675181963,0.7856890768990934,92.18633333333334,81.22132467532467,64.06631170036941,69.32675232463727,148.883,57.0988051948052,0.865292665337783,0.662405511059122,7.333333333333333,5.805194805194805,2.6246692913372702,0.96751067699684,6,3.6103896103896105,1.0376517997982746,0.77218523100388,1.9933333333333327,2.211688311688312,0.4458200932613463,0.5050328588960149,1.08,1.625974025974026,1.0738692811501167,0.6284506704469616,8.545333333333334,9.379127272727272,1.28519152744726,1.3350802849185797,2.8104,6.5265870129870125,1.0876397332326495,0.6713204282512819,3,1.2337662337662338,0.1191969887076537,4.545454545454545
3,1.25,1.1732038834951457,0.16062378404209,0.1820925487097098,0.3899999999999999,0.6358576051779936,1.0902238675181963,0.7952903978796039,92.18633333333334,81.16412297734628,64.06631170036941,69.22176199500859,148.883,56.70836893203885,0.865292665337783,0.6704499188366077,7.333333333333333,5.82200647249191,2.6246692913372702,1.0099991284354195,6,3.563106796116505,1.0376517997982746,0.785529248233062,1.9933333333333327,2.2106796116504857,0.4458200932613463,0.5045256584850291,1.08,1.6145631067961168,1.0738692811501167,0.6371161163287535,8.545333333333334,9.3737786407767,1.28519152744726,1.3362193596185887,2.8104,6.480460841423948,1.0876397332326495,0.6796282698721914,3,1.262135922330097,0.1219130978430759,4.53074433656958
3,1.25,1.1735483870967742,0.16062378404209,0.1818994473576305,0.3899999999999999,0.6296774193548388,1.0902238675181963,0.8044448353723996,92.18633333333334,81.10729032258065,64.06631170036941,69.11724419731911,148.883,56.32045161290323,0.865292665337783,0.6781786699992814,7.333333333333333,5.838709677419354,2.6246692913372702,1.0502464900709487,6,3.5161290322580645,1.0376517997982746,0.798071575983865,1.9933333333333327,2.209677419354839,0.4458200932613463,0.5040192256379662,1.08,1.603225806451613,1.0738692811501167,0.6454323773759667,8.545333333333334,9.368464516129032,1.28519152744726,1.3373289395701649,2.8104,6.434632258064516,1.0876397332326495,0.6876027923874188,3,1.2903225806451613,0.1246105919003115,4.516129032258064
3,1.25,1.1738906752411575,0.16062378404209,0.181706737713306,0.3899999999999999,0.6235369774919612,1.0902238675181963,0.8131962215653035,92.18633333333334,81.0508231511254,64.06631170036941,69.01319542416226,148.883,55.93502893890675,0.865292665337783,0.6856223040225013,7.333333333333333,5.855305466237942,2.6246692913372702,1.0885087382514955,6,3.4694533762057875,1.0376517997982746,0.8098940131929503,1.9933333333333327,2.2086816720257234,0.4458200932613463,0.5035135695733246,1.08,1.5919614147909966,1.0738692811501167,0.6534332363961153,8.545333333333334,9.3631845659164,1.28519152744726,1.3384095766041542,2.8104,6.389098392282957,1.0876397332326495,0.6952762774027708,3,1.3183279742765273,0.1272896615957777,4.5016077170418
3,1.25,1.1742307692307692,0.16062378404209,0.1815144214851827,0.3899999999999999,0.6174358974358974,1.0902238675181963,0.8215806457399053,92.18633333333334,80.99471794871795,64.06631170036941,68.90961220414445,148.883,55.552076923076925,0.865292665337783,0.6928059210784208,7.333333333333333,5.871794871794871,2.6246692913372702,1.124995434281041,6,3.423076923076923,1.0376517997982746,0.8210641424372378,1.9933333333333327,2.2076923076923074,0.4458200932613463,0.5030086992083634,1.08,1.5807692307692307,1.0738692811501167,0.6611464738411317,8.545333333333334,9.35793846153846,1.28519152744726,1.3394618101418203,2.8104,6.343856410256409,1.0876397332326495,0.7026752639770542,3,1.346153846153846,0.1299504950495049,4.487179487179487
